uuid,annotator,label,quality,duration_s,duration_tercile,cough_detected,slice
005b8518-03ba-4bf5-86d2-005541442357,2,dry,good,6.48,t1,0.9854,dev
008ba489-31ad-44d8-856b-fcf72369dc46,3,wet,good,9.78,t2,0.9962,report
008c1c9e-aeef-40c5-846c-24f1b964f884,3,wet,good,9.96,t3,0.9751,report
00bf9f83-2e8f-47cf-a4f2-97f2beceebc1,3,wet,good,2.76,t1,0.9815,dev
00ce5b06-c302-4387-bbd7-86355a4a8c12,3,dry,good,9.36,t2,0.99,report
00ddf050-6939-4f33-9e54-fcb309b895ec,3,dry,good,9.12,t2,0.9089,report
01208e5c-5338-4f1b-b8c6-41c049e40d90,1,dry,poor,9.96,t3,0.9968,dev
01567151-7bb2-45ee-9aa8-a1332b5941ea,1,dry,good,9.96,t3,0.982,dev
01567151-7bb2-45ee-9aa8-a1332b5941ea,2,dry,good,9.96,t3,0.982,dev
01567151-7bb2-45ee-9aa8-a1332b5941ea,3,wet,good,9.96,t3,0.982,dev
0177b817-0ba3-498a-bc05-48bc66cc91b8,2,dry,ok,9.9,t3,0.8047,dev
018b40a1-c109-459a-9e31-86cbd2cb3918,1,wet,ok,9.78,t2,0.9869,report
01f97898-9ec4-480b-9fcc-a9daa737106d,3,wet,good,9.84,t2,0.9834,dev
01ff40e8-63e6-4570-a463-9778ea30cad7,1,dry,poor,9.54,t2,0.9686,dev
01ff40e8-63e6-4570-a463-9778ea30cad7,2,dry,ok,9.54,t2,0.9686,dev
01ff40e8-63e6-4570-a463-9778ea30cad7,3,wet,good,9.54,t2,0.9686,dev
02df470b-ddcf-403a-b726-76be6af905e1,2,wet,poor,3.36,t1,0.8598,report
0311ee9e-b265-4767-ba51-f3fc8176747a,3,dry,good,9.96,t3,0.9889,report
031fd54a-87b5-4223-9af6-60985127fb7a,3,wet,good,5.1,t1,0.9777,report
036d875c-d39b-45f1-a17f-7f7badf0aa42,3,dry,good,9.9,t3,0.9914,report
0379c586-c500-483c-83a6-95b63afe6931,1,dry,ok,9.54,t2,0.9916,report
038592cb-c8db-4f55-8052-e20059146cb5,1,dry,ok,8.22,t1,0.9824,dev
03c33278-ad87-4a37-bf8f-3b1fdf69ecfd,1,dry,ok,6.3,t1,0.9746,report
03d30b8b-03f8-4089-bda8-0e14deec7d82,2,wet,good,9.78,t2,0.9196,dev
03fca101-9ce7-4eb9-aeae-a6f8d4ee5599,2,dry,ok,4.5,t1,0.879,report
040e6a1c-dcbe-47aa-8b9d-51abd8136d91,2,dry,ok,9.48,t2,0.9184,report
0527be95-d7f1-4156-8e37-1587355661ca,3,wet,good,9.9,t3,0.9574,report
0569d979-384b-4a30-b0ca-2b19e8c8650b,1,wet,ok,6.96,t1,0.9781,report
0593e9bf-e162-46c2-b1d5-3bc34ef1fc6f,2,dry,ok,9.78,t2,0.968,report
059ae242-fffd-44c7-b821-9d73f93449aa,3,dry,good,9.84,t2,0.949,dev
0640716b-e287-4181-a653-5b798e8308c8,3,wet,good,9.54,t2,0.9687,report
06b568b5-b9f8-4334-816c-c16009bb5de7,2,wet,good,4.68,t1,0.9888,report
06b58ff7-42e9-49d8-8b56-dd82e7b18ace,3,dry,good,9.84,t2,0.8062,report
06e9197b-9b40-4bde-bde8-9e78242a60ac,1,dry,ok,7.86,t1,0.9952,dev
0733f882-d7fd-4dc5-a1b0-8aeec64fc112,2,dry,good,5.88,t1,0.9893,dev
075cdb5a-5c29-4266-84ea-c44963bd0454,2,dry,ok,7.62,t1,0.9961,dev
076f59de-0637-4ee1-951c-f2e0784e8a53,2,dry,poor,9.84,t2,0.9884,dev
07809b76-1f10-424e-853b-cbf4756a8ba2,1,dry,ok,5.52,t1,0.991,report
07c16495-d19c-47ad-ba39-d2e24f31d6e4,3,dry,good,8.34,t1,0.9939,report
07e2f7e1-8e9b-4962-8701-fbe1224de7ef,2,dry,good,9.72,t2,0.9989,report
07e33d6b-560d-4c16-8d7e-ecd5ddb3b195,1,dry,ok,6.48,t1,0.841,dev
07f95718-2edc-4baa-9e18-3c6e04eb6e39,3,dry,good,4.44,t1,0.9954,report
08024f8a-88fb-4298-9656-04da97112ae6,3,dry,good,3.06,t1,0.9377,report
082991fb-ee66-4970-91dd-50890f4cc9b1,1,dry,ok,9.36,t2,0.9431,dev
089f764a-6620-4554-8519-ac64f833a5d5,2,dry,good,9.78,t2,0.9945,report
08d5d346-6219-4e6d-ac06-ef489f2d186c,2,dry,ok,9.72,t2,0.9933,report
0969d0c4-34ce-4e9a-8cf1-1b18403587e8,3,wet,good,4.38,t1,0.8446,report
098a2a72-f7c9-4f46-9a55-597c3119d662,3,dry,good,9.6,t2,0.8953,dev
09bffe1a-63f0-4f2e-942b-f7a152b344fc,2,dry,ok,2.64,t1,0.9939,report
09de6967-b295-4516-8a4d-4d95c9a7b02c,3,wet,good,9.36,t2,0.9869,report
09e64861-61b1-4f66-a7c0-17ac1a0c60f0,3,wet,good,9.84,t2,0.9856,report
09ef22ac-58b8-4f3b-b00a-94f926298dae,2,dry,good,5.64,t1,0.9968,report
0a03da19-eb19-4f51-9860-78ad95fa8cb5,3,wet,good,9.96,t3,0.9954,report
0b14b4fa-edf0-4595-89af-d4a69208205b,2,dry,ok,2.88,t1,0.9796,dev
0b43fe9d-c9d6-4d0d-abf9-52f6b3712325,1,dry,ok,2.76,t1,0.9668,report
0b60a771-1dde-49b8-a46d-d049b1791ca4,1,dry,ok,9.84,t2,0.9112,report
0b618a49-9562-4fa5-afb7-fce583b5a444,1,dry,ok,9.72,t2,0.9484,dev
0b6ea0b5-e036-43ca-8462-d128f6232bdf,3,wet,good,5.1,t1,0.8946,report
0b6f8543-c5e3-414c-a4f3-020e56e8ec60,2,wet,poor,7.92,t1,0.988,report
0c01c4ac-cfbf-45b9-80db-492f334aaf30,3,dry,good,9.9,t3,0.9984,report
0c35e382-31cd-42cb-bc87-8a84b9c52a41,1,dry,good,2.64,t1,0.9925,report
0c4d0b5c-1007-4426-8444-e71a1c2732f3,1,dry,ok,9.78,t2,0.9686,report
0cc0ccfb-674f-4e9b-b6f3-539478d6d08d,1,dry,ok,4.98,t1,0.9974,report
0d1cb244-e3cb-404d-97f5-99592b92da44,3,dry,good,9.9,t3,0.989,report
0dfa1560-9b26-4474-a9d9-d96c05424fbc,3,wet,good,7.26,t1,0.9422,dev
0eba0c0a-5609-4777-903d-b15292798250,1,dry,ok,9.84,t2,0.8749,report
0ebcd337-e754-4955-a935-f7b3f04ec5ff,2,dry,good,9.96,t3,0.9515,dev
0f04746a-08e0-40a2-9431-2f57f9166720,2,dry,poor,9.96,t3,0.9717,report
0f48e572-df90-4dd5-a30c-6a79f96cc50d,3,wet,good,9.78,t2,0.9843,dev
0f4b20af-c6bc-4da8-8f29-bd291bcb55e7,1,dry,ok,9.78,t2,0.989,report
0f746594-9aa2-4681-addd-bea6230b9027,1,dry,ok,9.9,t3,0.998,report
0f8d80f9-700e-4069-924d-e15f29d7c19a,2,wet,poor,3.96,t1,0.9228,report
0f8d80f9-700e-4069-924d-e15f29d7c19a,3,wet,good,3.96,t1,0.9228,report
0f8fb3e0-1a30-4bd3-982a-24342a0bdc70,1,dry,ok,4.14,t1,0.9974,dev
0f8fb3e0-1a30-4bd3-982a-24342a0bdc70,2,dry,ok,4.14,t1,0.9974,dev
0f8fb3e0-1a30-4bd3-982a-24342a0bdc70,3,dry,good,4.14,t1,0.9974,dev
0fbbcd89-d79a-49ec-b207-c0f2f32d8d50,2,dry,ok,6.36,t1,0.9839,dev
1005ef8a-7d26-441e-bf06-8849165038d0,2,dry,ok,9.84,t2,0.9742,report
100fa960-30ee-4dfd-9364-38cf878709a0,2,dry,poor,9.96,t3,0.9933,report
10344906-5f7c-4d1d-93a8-56585cc33b2f,3,dry,good,4.2,t1,0.9229,report
105d18a9-f281-4e4c-bb7d-1ad9885696c9,3,wet,good,6.54,t1,0.9665,report
1063e6ef-babd-4765-b029-bf92475dc9e3,2,dry,ok,9.42,t2,0.8664,report
10aed3ae-9ec1-4041-bac6-90b1d4634aee,3,wet,good,9.6,t2,0.9922,report
111ccb19-92b9-43e2-b44a-38cde5bf0ca5,2,dry,ok,9.84,t2,0.8723,dev
1122a43f-1a4b-4292-903e-963b8463a56c,2,dry,ok,9.78,t2,0.8786,report
11837fe5-a206-4b9a-8fe4-1aec20701101,1,dry,ok,4.62,t1,0.9852,dev
11c1e2d8-52e2-4e32-8ab8-b858268e0ca9,3,wet,good,9.78,t2,0.9166,report
125243ce-cda2-4412-a38c-474dd3875d1f,2,dry,poor,9.9,t3,0.8354,dev
12a1f8a8-d986-477c-a186-501247d38869,3,dry,good,6.54,t1,0.9742,dev
12a7d4c8-1dea-4ba3-a9a9-73fbeca9cc96,2,dry,ok,6.78,t1,0.9713,dev
12e5c857-56f1-4e02-9490-8b75f25b3ea9,3,dry,good,9.78,t2,0.9838,report
134e5ac2-706b-4098-969e-18c24f0f0002,3,dry,good,4.2,t1,0.986,report
1351a8e1-f5e5-4a05-a6a9-4bac18393022,1,dry,ok,9.72,t2,0.995,report
13606b20-6081-484b-93e2-dd80648bfe06,2,dry,good,9.9,t3,0.9602,dev
136d62c4-8b6f-4227-809f-1cdfcf7a767b,2,wet,poor,9.9,t3,0.9918,report
13b55d58-ad6d-4cb4-933e-80622a4ff240,2,dry,poor,3.24,t1,0.989,dev
13be4c55-d212-4c7e-ab8d-04bf51b30b11,3,wet,good,9.6,t2,0.931,report
13cc16ff-2b44-4740-b7f4-e80cf7404d30,3,wet,good,7.62,t1,0.9818,report
13ddcdda-6ec1-458f-938c-9f0515a9b642,3,dry,good,6.54,t1,0.9958,report
13ec7c23-9c3d-42a7-90e7-ca621e8e2c33,2,dry,ok,9.96,t3,0.9896,report
14a3c119-bee8-435a-9193-d2ce7cb84a03,3,wet,good,8.28,t1,0.9934,report
14b9f356-c3dd-456f-9875-5125040d0c83,1,dry,ok,9.78,t2,0.8376,dev
150de1d1-3e1c-4319-8575-cc8b89f775f3,1,dry,ok,4.26,t1,0.9321,report
1510dd92-a632-48ad-b5e7-1853a9e8e61d,3,wet,good,4.56,t1,0.9916,dev
151ebdf7-c5cf-48ba-9105-49e69c639578,3,dry,good,9.9,t3,0.9862,report
154161ff-1243-49c0-a377-72992b6954e3,2,dry,good,9.3,t2,0.9274,report
159c098b-ec97-45cf-aeb7-ff389a98d95c,1,dry,good,9.78,t2,0.9393,report
15a0a034-354e-4637-b74c-9653763e0862,3,dry,good,9.78,t2,0.8624,dev
15a88a65-a01f-4d31-9cb3-a8b46bb8b780,2,dry,good,9.84,t2,0.9924,dev
161d1ac7-7dc1-440e-96e1-fa091f76d828,2,dry,ok,4.56,t1,0.9896,report
1645e119-c9ee-4cf8-9a87-31bcc8b025bb,2,dry,poor,9.66,t2,0.9735,report
164ff16d-2af8-4724-9a57-3b3bd7e17839,1,dry,good,8.28,t1,0.9968,report
16a0e4d0-f2aa-4737-99af-70b21b31d0a5,2,dry,poor,6.6,t1,0.9893,dev
16e8dea0-01da-416c-9478-0dfa748238fb,2,dry,ok,9.6,t2,0.9252,report
16f9b161-86c6-4af1-99cb-0ab327f10fed,3,dry,good,9.9,t3,0.9486,report
17584206-26c4-45db-9836-e79c6325327f,2,dry,ok,9.9,t3,0.9914,report
17c2e5aa-000c-4efe-aa47-c0a7229cd222,2,dry,ok,9.9,t3,0.9734,report
17e623e8-7179-4805-889b-83ba37063d21,1,dry,ok,9.96,t3,0.985,report
182246b0-9f77-4c40-976e-3c9342619819,3,wet,good,9.9,t3,0.9573,report
1853c64d-a058-471d-8409-84fd2afb5edd,2,dry,poor,9.84,t2,0.9935,report
18722fbe-d240-457a-a0fc-2d9d09bfbcc8,1,wet,ok,9.84,t2,0.984,report
191dca0e-7951-4aa3-9764-2761bd511955,3,wet,good,9.78,t2,0.9898,report
195f9381-cf35-45da-b0ae-cc4ed04e9283,2,dry,poor,9.84,t2,0.9866,dev
197fd3fd-2c59-41b3-836a-8c9d51b3fbb0,2,dry,ok,9.9,t3,0.9568,dev
198c88cb-8f41-4a79-9c4b-be606361e80b,3,wet,good,9.78,t2,0.9917,report
1a0d7c38-e644-4c5d-9ba0-bf9bdc0bffd6,2,dry,poor,7.92,t1,0.9473,report
1a324acb-12f7-4eef-8e8c-0c71a47280e2,3,wet,good,9.96,t3,0.965,dev
1a7b91c0-c8c4-4f99-9be9-9dc879976f0b,3,wet,good,9.72,t2,0.9857,report
1add9b29-ef49-4a03-b38f-c9391161e7bf,3,dry,good,5.46,t1,0.8437,report
1b1f2c9b-7cfa-4eb5-837d-36ae3d647c92,3,wet,good,4.08,t1,0.9782,dev
1b7a8173-80be-4905-bdaa-b471b228b1ed,1,dry,ok,3.3,t1,0.9508,dev
1ba36c5a-542c-4164-aa43-b1f01f23f94d,1,dry,ok,9.84,t2,0.9951,report
1c13288a-9ef9-4027-9ca6-06472a106fb1,1,dry,poor,9.96,t3,0.973,report
1c21cb68-6ea8-4aa1-af22-2e64007554d7,3,wet,good,9.78,t2,0.9355,report
1c34e7b6-708b-412c-b934-4af1e2990f67,2,dry,poor,9.6,t2,0.9555,report
1c4c4928-4a83-4fae-be54-48a557fb7739,2,dry,ok,7.5,t1,0.9573,report
1c7f79d6-70bb-4558-b5a9-0c94c9418610,3,wet,good,4.38,t1,0.9905,report
1c8853d4-5a0b-425e-b211-d20b2d16e35d,3,wet,good,9.3,t2,0.9103,report
1ca49e1b-7b7a-4442-8603-a41083fc49e3,2,dry,good,9.96,t3,0.9903,dev
1cc88f3a-3529-4cb8-a167-fc0cb5b0bfb6,2,dry,poor,3.54,t1,0.9977,report
1cd13fe6-9d35-4a86-82ff-a9af6b90d70b,1,dry,good,9.66,t2,0.8711,dev
1cd191f3-876f-4412-a667-7e406b294af9,2,dry,good,9.72,t2,0.9924,report
1cef13ee-037d-49cb-bbd3-bbb44328cd91,1,dry,good,3.18,t1,0.961,report
1d120109-bee0-4597-8fc6-c8eaf97cab5c,3,wet,good,9.96,t3,0.9131,report
1d19775f-175d-4fdd-8dfe-c080a0c8de45,2,dry,poor,8.28,t1,0.9666,dev
1d1dd53c-0b98-4ebd-a34b-e168bff6b7da,1,dry,ok,5.4,t1,0.9865,report
1d3f954c-8d15-4279-832b-e2487b96750f,1,dry,ok,9.78,t2,0.8709,dev
1d471862-8805-411b-bd10-2b8e9ffdf718,1,dry,ok,8.1,t1,0.9946,dev
1da3fe9f-2803-4d66-a43e-6c64bd2aef40,3,dry,good,9.72,t2,0.968,report
1dca9938-00dd-469a-a476-da7d21e90027,1,dry,ok,9.6,t2,0.995,dev
1dd3b212-e969-4ede-a9d9-f24b711e2028,1,dry,ok,9.84,t2,0.9818,report
1dd3b212-e969-4ede-a9d9-f24b711e2028,2,dry,ok,9.84,t2,0.9818,report
1dd3b212-e969-4ede-a9d9-f24b711e2028,3,dry,good,9.84,t2,0.9818,report
1de44182-c6f6-4059-bb54-1e8552999e03,3,wet,good,9.96,t3,0.8955,report
1e2fb96c-cc9c-450d-9474-b363b22adfe8,2,dry,good,9.9,t3,0.9903,report
1e3025cb-d921-485b-a08c-c2966fc4f730,2,wet,good,9.78,t2,0.9885,report
1e35ccdb-4d0c-4a40-884d-500fa21dae26,1,dry,ok,9.9,t3,0.996,report
1ed9491a-4036-4308-bc44-5036fc2e9f28,1,dry,ok,9.9,t3,0.9913,report
1ed9491a-4036-4308-bc44-5036fc2e9f28,2,dry,good,9.9,t3,0.9913,report
1ed9491a-4036-4308-bc44-5036fc2e9f28,3,dry,good,9.9,t3,0.9913,report
1f02c230-3a22-4ee1-81e4-7e7237b36c03,2,wet,good,10.02,t3,0.9897,dev
1f02c230-3a22-4ee1-81e4-7e7237b36c03,3,dry,good,10.02,t3,0.9897,dev
1fcd577a-af2b-4352-a735-a1d1a7e7d0b1,1,dry,ok,9.9,t3,0.971,report
2018bfea-0071-4aca-8d45-18dac4d65199,2,dry,good,9.78,t2,0.9534,dev
20638b85-0ab9-45cc-b257-9ce9986946de,3,wet,good,9.78,t2,0.8813,dev
2089c2bd-d408-429e-9f15-138343a5cc9c,3,dry,good,9.78,t2,0.9797,report
2137ce12-072a-499e-bf8d-5ef099aa4b6b,1,dry,ok,9.84,t2,0.993,report
213aff15-681f-4f36-a001-07dd623161d3,3,wet,good,9.84,t2,0.9714,report
214df3a3-e1d2-4c93-a515-011551db9173,1,dry,ok,9.84,t2,0.9948,report
21519b33-26a1-48ab-95e9-290188d9d7ed,2,dry,good,9.72,t2,0.9979,dev
21582038-eca3-4517-a16f-c34db540341b,2,dry,good,9.9,t3,0.9971,report
215cf805-8e9a-44ee-8721-20db30e34e3d,2,dry,ok,2.82,t1,0.8954,report
218f522f-d3b0-4370-a93f-e8a70d958950,1,dry,ok,9.9,t3,0.9981,dev
218f522f-d3b0-4370-a93f-e8a70d958950,2,dry,good,9.9,t3,0.9981,dev
218f522f-d3b0-4370-a93f-e8a70d958950,3,wet,good,9.9,t3,0.9981,dev
219fd505-5d9e-49ca-beef-e815feb78179,1,dry,ok,4.38,t1,0.9936,report
21ad6bc4-ecc4-4a22-b940-618bdd7ad20b,3,dry,good,9.78,t2,0.9642,report
21aee478-6d13-45ea-be4d-4f29fd244798,2,wet,good,9.9,t3,0.9967,dev
21aee478-6d13-45ea-be4d-4f29fd244798,3,wet,good,9.9,t3,0.9967,dev
21b2bb88-3b7f-4120-9a2a-ccee47298761,1,dry,good,9.96,t3,0.9932,dev
21c16c1c-46fc-4b80-b941-65d7c6e87555,1,wet,ok,9.72,t2,0.9321,dev
224ee66d-7c74-474d-8123-360b75ed739c,2,wet,ok,9.72,t2,0.9829,report
2295a6f8-08d5-467f-8534-8329c9083f28,1,wet,ok,9.72,t2,0.805,report
22975528-762e-4bd7-9f73-a3da0b485cb4,3,wet,good,9.36,t2,0.836,dev
22cb791b-2eba-480f-9eb3-69018bd25a04,3,dry,good,7.8,t1,0.9952,report
22dcfcdd-52a8-4b42-9c50-c0a3696382a9,2,dry,good,5.7,t1,0.937,report
23757c39-1cc1-4c17-bdda-b8b44c42a68e,2,dry,ok,5.22,t1,0.9699,report
239862c9-653a-46c7-ba74-2511aab54340,2,dry,good,3.24,t1,0.8725,dev
240021ec-048e-431d-9548-11d7c234389e,2,dry,poor,9.72,t2,0.9588,report
24209c21-c5d7-42a1-905c-e594037feb43,2,dry,good,9.66,t2,0.9793,report
244d35b5-565c-4a3b-a1bd-baa8f899f9d2,3,wet,good,9.72,t2,0.9914,dev
24526b28-3377-4f1e-942f-8e3f6d38e44b,1,dry,ok,5.16,t1,0.9607,report
2455598e-8a2c-457a-846c-1af4993e582f,2,wet,good,9.84,t2,0.9934,report
2457c496-0a45-4c4c-942f-5598c39c9b89,3,dry,good,9.9,t3,0.9966,dev
24dc7236-522f-4120-b76d-65538ab32b5b,3,dry,good,9.78,t2,0.9962,dev
255387fa-5934-4b9b-8c6d-9de47c3841b0,3,wet,good,9.96,t3,0.8543,dev
2561c0c9-c4d4-4d63-8c8a-610d6eafe593,1,dry,ok,9.9,t3,0.9727,report
259ecdd2-5641-4b33-966d-7cf0b3af87a5,2,dry,ok,9.96,t3,0.9687,dev
25a6fb1b-a42c-4728-a2bf-d0613e17d1d7,1,dry,ok,9.84,t2,0.9662,report
25b1b7c0-f939-426a-bffa-ac64888a00b4,2,dry,ok,6.42,t1,0.9609,report
25b750e5-8a76-4c13-9fd8-851e45d1b5ed,2,dry,ok,9.84,t2,0.9962,report
25d5e8bc-0203-4909-aebb-00df700417b9,2,dry,good,9.78,t2,0.9854,report
26abd7b6-569b-41ed-955e-0481ed0368dd,3,dry,good,9.84,t2,0.9914,report
26ce1218-1d55-4f45-a0f5-643c0f92c2c2,1,dry,ok,9.78,t2,0.9682,dev
26f9e573-3e23-424c-a75a-d2b1a91a575c,3,dry,good,9.84,t2,0.9789,report
271dc530-49dd-4f49-913d-28475b4a150b,2,dry,ok,7.08,t1,0.854,report
274fee77-6d89-4b0f-962e-28969658b430,2,dry,good,9.9,t3,0.9068,dev
27bfbb49-3141-4d9e-9746-0e830e859907,2,dry,ok,5.28,t1,0.9707,report
27c2cc15-dd1e-455a-8bca-59794d2fe98f,1,dry,ok,9.78,t2,0.9759,dev
2830e2c6-92b6-4e2c-acb0-763e0ff6d0a7,3,wet,good,2.46,t1,0.8896,report
285e7f6f-503a-41f0-ac3b-173433a8cf40,2,dry,good,5.58,t1,0.9826,report
28757e31-b8f6-408c-982e-a016170ab3ef,2,dry,ok,6.78,t1,0.9865,report
28b30c43-8b77-436a-a181-9b36ec9f0553,2,wet,good,6.9,t1,0.9744,report
28c08126-f32e-4337-b4b1-cba26602f185,2,dry,good,8.7,t1,0.962,report
28c76cca-15d8-490a-a785-9bbb5c21fd26,1,dry,ok,4.92,t1,0.9298,report
28cb1fbb-ff5a-4ab6-b676-0d3d0e8c9235,2,wet,ok,9.96,t3,0.9937,dev
28d173a5-6b04-4c7b-8b29-84e670dc6c35,3,dry,good,8.28,t1,0.9912,dev
28d4e487-0d9d-4911-951d-5de7fcb5c986,1,wet,ok,8.34,t1,0.983,report
28de837b-8dbf-43a8-a90f-04e644a04933,3,wet,good,9.78,t2,0.9904,report
296446a3-d81c-4aaa-897f-d80c849b95b0,3,dry,good,9.9,t3,0.928,dev
2989f5c7-1b1c-42aa-9f44-05e8d6fea729,1,dry,ok,9.84,t2,0.9797,report
29b6542b-6a40-474c-9eb1-787ebfbab90d,1,dry,ok,9.9,t3,0.978,report
2a7328f9-4c7b-461e-8975-0809d0c49de9,2,dry,ok,4.62,t1,0.9629,report
2aa1d5be-0191-4540-9159-77ec1faa4094,3,dry,good,9.24,t2,0.9948,report
2aa8f538-07ca-41f3-b20a-8d9e5ef24cfe,3,wet,good,9.9,t3,0.847,report
2b1bb7d6-5ebd-4511-878d-002dd69f0d1a,1,wet,ok,4.86,t1,0.989,report
2b243e9c-37f2-4552-ac69-4cdf0e070b9a,2,dry,good,9.96,t3,0.982,report
2bb66cf8-ae01-4f8d-93d2-3bc4b08c08f8,2,dry,good,9.96,t3,0.9896,report
2bcc1031-937f-46b2-af1d-fd593a0b5d39,3,wet,good,9.36,t2,0.9356,report
2c16ec6e-321d-4d18-82f4-9e5f59e32449,1,dry,ok,5.64,t1,0.9785,report
2c2afa09-cefb-410b-b6b8-ce54887ea23d,1,dry,ok,9.66,t2,0.994,report
2c333872-8c6f-4818-a011-7a5efb063509,1,dry,ok,9.9,t3,0.8154,report
2c38b55e-7a52-4b23-a4a5-f0da83cd2cba,1,dry,ok,7.5,t1,0.9377,report
2ca9e925-859f-417e-838b-681d77639839,2,dry,ok,9.72,t2,0.9948,report
2cba06c6-a2af-4307-b53b-cdde40ee9492,2,dry,good,5.94,t1,0.9826,report
2cc2fd2e-6314-424a-977b-7237f935fb65,1,dry,good,9.84,t2,0.9845,report
2cc2fd2e-6314-424a-977b-7237f935fb65,2,wet,good,9.84,t2,0.9845,report
2cc2fd2e-6314-424a-977b-7237f935fb65,3,dry,good,9.84,t2,0.9845,report
2cc30bb4-6e0f-4cb5-a7a5-f7fa03c203ba,1,wet,ok,9.9,t3,0.8384,dev
2d945d23-990e-4f00-91a6-b4de59fcb2a6,3,dry,good,9.9,t3,0.8943,report
2d9cb119-d985-4dc8-8b8e-8f0ac488f2ad,2,dry,ok,8.04,t1,0.9769,report
2de3fb8f-20a6-4fa5-8428-11cad3338d37,2,wet,ok,9.78,t2,0.9936,dev
2df9d90f-7616-482f-ae5a-e0c8d3ee4289,2,dry,good,9.78,t2,0.9844,report
2e0e732f-3cf5-4fb6-9762-aae4ab603d4d,1,dry,ok,9.36,t2,0.8599,dev
2e349a58-b119-4b15-8b3f-5a5c6416bca4,2,wet,good,7.14,t1,0.9477,dev
2e41a2bd-6462-407d-8078-9f7b86a54f52,3,wet,good,9.78,t2,0.9578,report
2e80e707-3bbc-4dda-aeb0-c6afa96dab97,2,dry,good,9.84,t2,0.982,report
2e9f905a-697c-48db-883e-7e905873172f,1,wet,ok,9.36,t2,0.965,report
2f63ad4e-0441-454b-a5b1-20c88f864433,1,dry,ok,9.96,t3,0.9668,report
2f7f0c1b-782b-4b90-9f0b-ed60edfeab89,1,dry,ok,4.14,t1,0.9971,dev
2f9750bf-c157-4326-b12f-b0fd5b6ec229,3,dry,good,5.46,t1,0.9369,dev
306ec0c0-fb62-4471-a2d7-d05b752a7268,1,dry,good,4.02,t1,0.8907,report
30a6ca1c-0b72-4ad2-9226-e9bb06add48d,3,wet,good,7.8,t1,0.8808,report
30b9a320-705b-452a-9ff9-daa6f5639085,2,dry,good,5.28,t1,0.9825,report
30d927be-7a71-4e50-b8cf-ed9ff6f8dca4,1,dry,ok,4.26,t1,0.9577,dev
30f275f4-7248-4909-9753-f9d7b294d3bd,2,dry,ok,9.84,t2,0.8522,report
30fa4631-eba2-44d7-ba44-4ef930092d45,1,dry,ok,9.96,t3,0.9396,report
30fee754-9e9d-4113-ba50-d18e382d3200,1,dry,ok,9.96,t3,0.9925,report
310167e5-7156-46a6-80b2-2a14ec7dff52,2,dry,good,9.96,t3,0.8939,report
314cd5c3-0030-4ea1-83b3-d6845897b903,1,dry,ok,9.9,t3,0.9954,report
314cd5c3-0030-4ea1-83b3-d6845897b903,2,dry,good,9.9,t3,0.9954,report
314cd5c3-0030-4ea1-83b3-d6845897b903,3,wet,good,9.9,t3,0.9954,report
314e4ee9-ee77-4abc-a5fb-4e52142c57a5,1,dry,ok,9.72,t2,0.8966,dev
3169ae75-df07-48b3-a04c-b33cd3b10b30,3,dry,good,9.6,t2,0.8568,dev
318642a7-90a0-484e-b40c-30286ae88037,3,dry,good,4.74,t1,0.9711,dev
31874a9d-4405-40c4-b088-b0b16fa94690,1,dry,ok,3.96,t1,0.9964,report
31a557c8-eaf3-4ab7-b374-5b8b659222c8,3,dry,good,6.6,t1,0.8905,report
31b8dc8d-3fbd-4e0c-bbae-def12bc16ea2,3,wet,good,4.62,t1,0.9736,report
31e5a9cf-6a3e-43a3-8e0f-65c99f5748e9,1,dry,ok,9.78,t2,0.8816,dev
31e5a9cf-6a3e-43a3-8e0f-65c99f5748e9,2,dry,ok,9.78,t2,0.8816,dev
31e5a9cf-6a3e-43a3-8e0f-65c99f5748e9,3,wet,good,9.78,t2,0.8816,dev
31f74e48-2e55-4167-980d-d328138a71a9,2,dry,ok,6.6,t1,0.9858,report
32233260-588c-4431-a326-4a0ea6c669c5,1,dry,ok,9.78,t2,0.9979,dev
3245eebf-f4d3-4a72-ba74-26a5af5da2d1,3,dry,good,9.36,t2,0.9977,report
3259a18f-c4d3-489b-8ed1-2d2b9fbaebbd,2,dry,good,9.84,t2,0.9707,report
3278e364-afdd-4c39-9126-b8b4a4caf1c5,1,wet,ok,9.78,t2,0.8316,dev
3278e364-afdd-4c39-9126-b8b4a4caf1c5,2,wet,ok,9.78,t2,0.8316,dev
3278e364-afdd-4c39-9126-b8b4a4caf1c5,3,wet,good,9.78,t2,0.8316,dev
332d696d-74bf-49ef-998a-764316780ee5,2,wet,ok,4.92,t1,0.9417,report
335a56cc-66bf-4dd0-a60b-f7a596e43c08,2,dry,good,9.54,t2,0.9759,report
336b15df-b282-4956-bb68-548ec950bb2f,3,wet,good,9.84,t2,0.9587,report
337cd5d6-ba5c-47d0-bc3f-15d4a75b747c,3,wet,good,9.9,t3,0.9104,dev
338f9eb0-d1eb-4448-b183-15d75afece8c,3,wet,good,5.16,t1,0.9969,report
33d67255-2abf-4ed0-8779-7c2f9251462d,3,wet,good,9.84,t2,0.9461,report
33dd938d-7654-4238-a207-cbc3fad63349,1,dry,ok,9.78,t2,0.9795,dev
33ed7ec5-c28f-4397-90ac-f64af5d0393e,1,dry,ok,4.02,t1,0.9546,report
344f10c7-9219-421e-8d2a-906111988422,1,dry,ok,8.88,t2,0.9949,dev
3483aaf8-14e4-44ac-8b20-6f1a05cfa822,1,dry,ok,5.04,t1,0.9691,report
349e4ca9-fffa-45ea-95e2-c0843f852555,1,dry,ok,9.84,t2,0.992,report
34a7b57b-6f7d-43f4-b210-0b21058f7afb,3,wet,good,3.54,t1,0.9816,report
34bcd0cb-bbfb-4947-84c9-79a07c28a7c1,3,wet,good,9.78,t2,0.9917,report
34e4c711-fd77-4f76-babf-76437885227e,3,wet,good,9.66,t2,0.9753,report
34fa8ed4-a911-4def-9272-d26e56dd05d2,2,dry,ok,8.22,t1,0.9422,report
350e8396-e67e-491a-89dd-666702548d63,2,wet,good,5.46,t1,0.9961,dev
35150705-3dfd-4cd0-80f6-8f9b04870c3f,3,wet,good,5.46,t1,0.8937,report
35244796-18c5-4825-ac49-90235ff885fc,2,wet,ok,9.9,t3,0.9534,report
35647ec0-1566-4df0-ae5d-27b0357ece7c,3,wet,good,9.36,t2,0.9368,report
35a40835-dc69-4e0d-b833-6b58df25c8cc,2,dry,poor,6.3,t1,0.9778,report
35cc329c-22e9-4505-bf91-8d6ef3262db4,3,wet,good,9.84,t2,0.9452,report
35ec6e33-eeeb-4734-9a52-c37a949e5443,2,dry,good,5.04,t1,0.9313,report
35ee826c-b4e1-40ae-9873-7df156071b7b,1,dry,ok,9.9,t3,0.9886,dev
362c55e4-0bb0-4295-9dc3-be1e1e7e95a4,3,dry,good,9.9,t3,0.9918,dev
36535622-407d-4226-adad-48b010e8ee83,3,dry,good,7.26,t1,0.9919,report
3683fc1e-25c4-4ff4-a080-c10d5e6d65f7,1,dry,ok,8.1,t1,0.9917,dev
36a31985-3039-422f-bad1-a8b98ba1d533,1,dry,ok,8.1,t1,0.9822,report
36a556ff-6813-48c7-b500-c3787c2d23c3,3,dry,good,9.3,t2,0.8796,dev
36d918eb-8f0c-4ab2-a7de-7aa27f58800c,3,wet,good,7.5,t1,0.9469,report
3722d824-c4bc-489d-8a8f-6bb171129e19,3,dry,good,9.6,t2,0.9746,dev
372846d2-d0b1-435b-bd1c-2580506dc502,2,wet,good,7.38,t1,0.9932,report
37347587-048a-4a1c-a100-7cf820711428,1,dry,ok,9.84,t2,0.9965,report
377c3a4c-b901-49c0-9337-e87560b523d4,1,dry,ok,9.78,t2,0.9175,report
37d9d372-ba0d-46fe-9b71-b3088ab3ff2b,3,dry,good,9.84,t2,0.9974,report
38a8021f-371f-439c-8fb5-37431dbeca8c,3,dry,good,9.96,t3,0.9672,report
38ac97a6-0eb0-4c52-8d1d-9697437de978,1,dry,ok,4.68,t1,0.9312,dev
38be0751-98d7-45a2-a325-4853efd0a174,2,dry,good,9.84,t2,0.9871,report
38c2b0b6-1c3a-4b2c-a05b-0219565f4225,1,dry,ok,6.72,t1,0.9716,report
3938fac1-ae70-4148-90ea-59abb26459c1,3,dry,poor,2.1,t1,0.9034,report
39460774-2d87-4c17-9015-5ca9d6328744,1,dry,ok,9.6,t2,0.9987,report
3951f2b6-88a3-4419-a191-774fb50b918f,3,wet,good,9.6,t2,0.8584,dev
3960bb7b-56e2-4cad-aa5f-8849b99b5bf5,3,dry,good,9.96,t3,0.9929,report
3987cfec-1d63-4362-9d51-0f98b1fa67fd,1,dry,ok,9.96,t3,0.8994,dev
39e4cc19-0db4-492a-b580-9fc4e4ab62ea,2,dry,good,9.9,t3,0.985,report
39fc7508-62ba-41f5-ba87-fbb328b61101,3,wet,good,9.96,t3,0.9704,dev
39fdca62-1ce2-4e54-9a6b-d4ef5aa80bc5,2,dry,ok,7.08,t1,0.8755,report
3a325d6e-929d-48f4-b640-36e08fa37cf4,1,dry,ok,5.46,t1,0.963,report
3a36b31d-a87c-48af-8492-d019103b62c2,2,dry,good,9.84,t2,0.9929,dev
3a464b3e-62c1-439b-b0a2-9999afa8a13a,2,dry,ok,9.9,t3,0.9931,report
3a9cff16-a1a5-4aed-948a-461f94ef3045,1,dry,ok,9.84,t2,0.9095,dev
3aac052c-4344-4350-a877-59f8a5270b02,2,dry,good,9.66,t2,0.8746,report
3b1cd361-b8b0-47ae-a02a-d2b0f2d40807,2,dry,good,9.9,t3,0.9842,report
3b1db132-ba86-43e2-a35b-9638b5fce854,2,dry,good,9.96,t3,0.9738,report
3b6a0157-04a2-46cd-b5a7-299595293a2d,2,dry,good,9.9,t3,0.9909,dev
3b8a7440-02ad-4df4-99e2-7edb97c52c0a,3,wet,good,9.9,t3,0.963,dev
3b917045-a264-4e3c-9a70-491e49448c36,2,dry,ok,9.84,t2,0.9955,dev
3bc13005-f63f-4ca4-9ee7-92b40b511eb8,3,dry,good,9.78,t2,0.9045,report
3bd63a44-a443-4a3f-a1ec-ffc2540f7ed0,3,wet,good,9.6,t2,0.8751,report
3be5af36-9e52-465a-81a6-da1c60d350f5,1,dry,good,9.9,t3,0.9053,dev
3bfb013a-ab53-491c-8981-a469dc727896,3,dry,good,9.84,t2,0.9871,report
3c0efb34-6a14-4b8f-b759-b6e8f2a3c479,2,wet,good,9.9,t3,0.99,report
3c6cfda1-3fe9-403d-b5d1-7797420debe2,3,dry,good,9.6,t2,0.9977,report
3c903e81-9634-4d62-90f0-f09b95f382f7,2,wet,good,6.9,t1,0.9778,report
3cf93027-a70f-4cad-9a3a-a51390783da6,1,dry,ok,9.78,t2,0.981,dev
3daa3dd0-e920-46a8-bca5-2a7f728998d7,1,dry,ok,9.96,t3,0.9845,dev
3df1981c-e380-40bd-ab27-4465eee42d27,3,wet,good,7.14,t1,0.9965,report
3e231461-a679-4e96-8fcc-07480b6309c1,2,dry,ok,7.26,t1,0.8066,report
3e4f0ebc-7100-48a8-b164-4d90b8dee8db,2,dry,good,6.36,t1,0.9937,report
3e831e76-b1de-4c66-aab4-1386b2b8c8a4,2,dry,good,9.96,t3,0.8553,report
3eadfa75-5906-4695-91fb-5726a24e02cd,1,dry,ok,4.62,t1,0.9881,dev
3ecfa0a9-d972-4958-9e46-44dcf980601f,3,wet,good,7.32,t1,0.9985,report
3ef8a638-8f4c-4018-8e25-dfd817979599,2,dry,good,7.44,t1,0.9218,dev
3f582004-aa52-4a2b-bba8-cb76352ddf44,1,dry,ok,9.78,t2,0.9916,report
3f60d2a0-aed6-45d0-b0f7-81bcf743a4e7,3,wet,good,7.8,t1,0.9938,report
3f9a82e6-93b5-4d80-b8ae-09d36929d437,3,wet,good,9.78,t2,0.9866,report
3fbe6119-b6d0-4aeb-beb8-19d1751ce190,1,dry,ok,9.84,t2,0.9289,report
40468fb3-fc81-4a5e-8cc6-e49011c1c9d5,3,dry,good,9.66,t2,0.9949,dev
40a32ab4-6354-44a2-86b4-0570e8d3747d,3,wet,good,9.9,t3,0.9439,report
4122c8f7-07e5-4c74-8993-c17157bd6c1b,2,wet,ok,9.9,t3,0.9178,report
41793be3-8eb0-467d-b9a2-f09f6678fc4e,1,dry,ok,9.96,t3,0.9881,dev
41b99768-ae1b-4038-b831-d7c7d225f369,1,dry,ok,2.22,t1,0.8033,report
41bb08e9-6d43-41bc-bca2-a465f7dcf2f3,2,dry,good,9.84,t2,0.9819,dev
41c95439-7a27-4f01-8aba-4a0640b4683e,2,dry,good,9.78,t2,0.9925,dev
421d9f99-9d55-40e6-8d30-0d9891605994,3,dry,good,9.96,t3,0.9857,report
422a71b9-7343-4d2f-9170-8976d2dc532b,1,dry,ok,9.96,t3,0.9794,report
424784ac-85a8-4b14-8447-fce82be45f62,1,dry,ok,9.06,t2,0.9917,report
4260e6fd-0a12-48de-9bfd-1b8644c2186b,1,dry,ok,7.38,t1,0.9892,report
4260e6fd-0a12-48de-9bfd-1b8644c2186b,2,dry,good,7.38,t1,0.9892,report
4260e6fd-0a12-48de-9bfd-1b8644c2186b,3,dry,good,7.38,t1,0.9892,report
429020e9-eeab-43f6-a72b-6f19fdcdb054,1,dry,ok,5.04,t1,0.9726,report
42ee475c-2a4b-48f0-b33e-9a5f57000770,3,wet,good,9.96,t3,0.9461,report
431c4a7e-06d9-4fed-9aca-2de718d66f29,3,wet,good,9.9,t3,0.9918,report
433a37a6-02c8-4ff3-b71b-67d4c9968919,1,dry,ok,9.72,t2,0.9438,dev
43795e89-f72e-4d3e-877d-a157fb169949,3,dry,good,5.1,t1,0.9916,dev
439daf49-ca13-413b-80e8-a8b6928db817,3,dry,good,9.9,t3,0.9763,report
43a03324-1389-4e23-9d44-2ee831b7e3d2,2,dry,ok,9.96,t3,0.9945,report
43cfe07c-cf76-4d97-914a-b1a1ec2c9759,3,dry,good,9.84,t2,0.9552,report
43d6034a-6751-4023-9ee7-6510dd3e157d,1,dry,ok,9.78,t2,0.9773,dev
43d84d62-8837-479b-bcb6-30effd9ecbc3,3,wet,good,9.96,t3,0.9698,report
43df4f16-fb75-43bb-a866-5231a9243e21,2,dry,good,9.9,t3,0.9719,dev
444d9701-cc2f-4dc7-87ff-4f6ada471c3e,3,dry,good,3.66,t1,0.9514,report
447f49c5-43e7-48a9-9a82-1afefd22725b,3,dry,good,5.1,t1,0.9952,report
4493e997-621f-4fa5-8c0d-84d6b245b75a,2,dry,ok,9.9,t3,0.9059,report
44b5bf62-3ce0-491b-8251-2822b8b436a2,2,wet,ok,9.78,t2,0.9826,report
44c295f9-5176-41ce-a1e2-f94633b9b57b,3,dry,good,5.7,t1,0.9776,report
44d6d275-b422-4338-bda2-2d0cc203f72b,2,dry,good,9.9,t3,0.9547,report
44e9099f-aac3-4669-a80c-2ee40d65faef,1,wet,ok,3.6,t1,0.9508,dev
45468c10-083b-4fea-9883-29a552edd30d,2,wet,good,5.4,t1,0.9928,dev
4564ccce-b037-4509-ac0b-a7c59a2a262a,2,dry,good,9.96,t3,0.978,dev
457cb363-1ac1-422c-a02c-03e99bce9c1f,3,wet,good,4.32,t1,0.9846,report
459c949d-1074-4687-a911-e1b61753643c,2,wet,good,6.78,t1,0.9986,dev
45d74056-f8f3-4e25-8111-68f4960b3cfd,2,dry,ok,9.84,t2,0.836,report
460a8717-0a50-4e1f-b399-86e27cc31579,2,dry,good,9.72,t2,0.9792,report
46426fe2-df73-4109-81ec-e62b49d8b626,2,wet,good,9.72,t2,0.9686,dev
46d8c156-9f6b-45bf-b2af-ea8ecb192f88,2,dry,ok,4.86,t1,0.9815,report
47041a03-16e8-4a03-b343-8d5e69afcd5c,2,dry,good,10.02,t3,0.9984,dev
47298691-1737-4d18-b301-b3526e935c1e,2,dry,good,9.9,t3,0.9699,report
4735aed3-46f9-44c5-91f0-ca772c541fff,1,wet,ok,9.9,t3,0.8922,report
47566b56-c2aa-48d5-a0be-92506fc53eab,1,dry,ok,9.84,t2,0.9771,report
4763797e-e24f-4af4-a449-d60bbc9079cb,2,dry,ok,9.84,t2,0.8835,report
477b8b77-3b3b-4ac6-978c-d51651932c8a,2,dry,ok,9.96,t3,0.9203,report
478adaaa-cc6a-487d-a842-a30af37aa4d0,2,wet,ok,9.78,t2,0.9924,dev
47edb277-7f3c-426d-8e14-a0385f3c1b77,1,dry,good,8.28,t1,0.9841,report
4811b9fb-5369-478e-91ac-a6eb9a72005e,3,wet,good,9.84,t2,0.9929,report
481443c9-17a9-4194-9525-8c5fc2cd15fc,1,dry,ok,9.96,t3,0.9974,report
481443c9-17a9-4194-9525-8c5fc2cd15fc,2,dry,good,9.96,t3,0.9974,report
481443c9-17a9-4194-9525-8c5fc2cd15fc,3,dry,good,9.96,t3,0.9974,report
48783717-fa70-414d-ae74-f7a2d794c7c9,1,dry,ok,9.9,t3,0.9857,report
48834369-72f5-4bbb-847c-5636af5a6882,3,wet,good,5.16,t1,0.986,report
48b287c0-5c2b-44ef-b469-3808b3b287ea,2,dry,good,9.72,t2,0.9978,dev
48b287c0-5c2b-44ef-b469-3808b3b287ea,3,dry,good,9.72,t2,0.9978,dev
48d28621-e417-47ae-ab2b-54e659e9df04,2,dry,poor,9.84,t2,0.8026,report
48ff5e27-832e-4450-9ea5-288a0e6967db,1,dry,ok,9.9,t3,0.9799,report
49064a01-6e0f-45bd-8b1d-853438414e93,3,dry,good,9.9,t3,0.9769,report
491018d6-fe1e-4b24-9c42-70971ec93615,2,dry,good,9.78,t2,0.985,dev
4934dd77-80e0-42b9-bfc4-995b03b76450,1,dry,ok,9.78,t2,0.9783,report
493632f2-537a-4a36-a932-268a8aa59486,1,dry,ok,9.54,t2,0.9948,report
494f9956-42e9-4cbf-803a-796e3bff2844,3,wet,good,9.78,t2,0.9085,report
49bc7b95-fbe5-4933-886e-8752b8acf842,2,dry,good,9.54,t2,0.9595,dev
49cc8b94-838b-4b23-9fb1-8d9384520634,2,dry,good,9.78,t2,0.9864,report
49cc8b94-838b-4b23-9fb1-8d9384520634,3,dry,good,9.78,t2,0.9864,report
4a19eff2-8302-4aa6-9164-ae5a9d2d824f,2,wet,good,9.9,t3,0.9425,report
4a39216d-fdac-4a28-b2cc-367e39d098aa,3,dry,good,9.9,t3,0.995,report
4a7e9409-6c01-4e9b-b248-9f610dd87f11,2,dry,good,9.84,t2,0.9935,report
4a8b913e-ca59-48bd-ad45-90a555b8dc22,2,dry,good,9.9,t3,0.991,report
4afa3822-6de3-4877-b5ee-2e4e7ffb9081,2,dry,good,9.96,t3,0.9975,report
4b03a48f-c4d7-41c6-9567-678141df90e1,1,wet,ok,5.1,t1,0.9927,report
4b22dc75-caee-40a8-84da-d3bc8f4eca69,3,wet,good,6.06,t1,0.9956,dev
4b46da7b-b391-45f6-925a-9aa31eb5b58a,2,dry,good,9.78,t2,0.9964,report
4b65541f-1159-47a7-8de8-6956716edd8b,3,dry,good,3.78,t1,0.967,dev
4bc5287f-92ae-400e-93b2-037163281e89,1,dry,ok,9.78,t2,0.9945,dev
4c228eb9-c543-4688-a93f-4ac0cd879b6b,2,dry,poor,4.86,t1,0.9427,report
4c58cf95-9b2e-4091-adaa-0ac06a355c48,1,dry,poor,4.74,t1,0.9941,report
4c98548d-6e9e-4832-8b77-b7af79c9e987,3,wet,good,7.02,t1,0.9734,dev
4c9ce6f7-8ca8-41b9-8e18-8cd3de335c48,1,dry,ok,9.96,t3,0.9762,report
4ca22143-61f2-4f7a-a73e-6304d31a3871,2,wet,good,2.88,t1,0.949,report
4d230bec-1056-49ca-b274-c0825b924824,1,dry,ok,9.36,t2,0.9702,report
4d35b416-d0b0-4fca-bd40-420da86ab4e2,2,dry,ok,9.96,t3,0.9279,report
4d6cdc78-b5f1-4568-bea9-ae1a49c34ee7,2,dry,good,7.5,t1,0.9896,dev
4d72142f-9932-47f4-8d86-29757ea3f78d,3,dry,good,9.9,t3,0.9515,report
4dba41ae-c9c3-4bf3-a5fb-8d8d2b8809c9,1,dry,ok,9.78,t2,0.9939,report
4dba41ae-c9c3-4bf3-a5fb-8d8d2b8809c9,2,dry,good,9.78,t2,0.9939,report
4dba41ae-c9c3-4bf3-a5fb-8d8d2b8809c9,3,wet,good,9.78,t2,0.9939,report
4e39ad3e-5257-4356-b854-7fb48c6cd1f0,3,dry,good,8.22,t1,0.9869,report
4e47612c-6c09-4580-a9b6-2eb6bf2ab40c,1,dry,ok,9.84,t2,0.9466,dev
4e8a8b2b-3437-4358-a1fc-407c04c51a0d,2,wet,ok,9.96,t3,0.9339,dev
4e9f4130-2954-4d29-adf5-d26768d3ead3,2,dry,good,2.76,t1,0.9519,report
4edbfad6-d683-4cb4-b3f1-11066c8e5e48,3,dry,good,9.9,t3,0.9968,report
4ee73081-f0af-4e85-b4a1-b1292ae37f28,2,dry,ok,9.72,t2,0.9761,report
4f468032-6c4f-438b-9f19-219859552c5d,1,dry,ok,9.9,t3,0.9842,report
4f51059b-0e34-4ae8-8ea8-66630d9b147b,2,dry,good,9.78,t2,0.9898,report
4f8c5fad-0bd3-4bf0-a781-3eff8685d8f8,1,dry,ok,9.6,t2,0.9909,dev
4f95a31d-9302-47bb-a0b6-cdd8b13c0aab,2,wet,good,7.62,t1,0.9306,report
4fa482c1-e2c7-402f-b383-343c18be4ccd,1,dry,good,9.84,t2,0.8143,report
4fb2ef80-dd57-4be0-afa6-866a8a5297bf,2,dry,ok,9.96,t3,0.9123,report
4fc9a8e3-909a-4e92-9621-d5e578817f21,2,dry,good,9.78,t2,0.9926,dev
4fccf60b-0beb-47bf-8e36-73f53813d924,2,dry,good,9.9,t3,0.9942,report
4fcf0262-b38d-438e-8253-c4f45d20071d,3,wet,good,5.64,t1,0.9902,report
4fe17182-53b8-4a39-b262-68eba3cbe19c,2,wet,no_cough,4.2,t1,0.8936,report
4ff8d59c-1714-4de5-bdd0-15e6f5bafb6b,3,wet,good,9.84,t2,0.9651,dev
506b5606-cecb-4fba-8723-c4a2bfb8b038,1,dry,ok,9.84,t2,0.8721,report
5131b118-88df-4d26-90bb-85b726fe0b5a,2,dry,good,9.78,t2,0.9939,report
51a9ade4-721c-4a75-ab33-57e68f425a42,1,wet,ok,9.84,t2,0.996,report
51e2e40b-f1cd-45ba-ad05-8219c595235c,1,dry,good,9.9,t3,0.9933,dev
522a43ec-3d80-43e4-97c9-c21ceb8b7a63,3,dry,good,9.6,t2,0.991,dev
522b0923-a528-47d9-8905-ececf13c65e0,1,dry,ok,9.9,t3,0.9955,report
523441aa-0d55-4878-9fe5-173d74b248d7,2,dry,good,8.16,t1,0.9539,report
5264e9e0-9d20-4a63-99c4-8dbece972a53,2,dry,ok,9.9,t3,0.9681,report
5287e036-c41e-4527-93de-c6cdbf1a8461,1,dry,ok,9.84,t2,0.97,report
52f6838a-4033-4a71-84bb-81cbb4e64ab7,1,dry,ok,9.9,t3,0.9012,report
52f6838a-4033-4a71-84bb-81cbb4e64ab7,2,dry,good,9.9,t3,0.9012,report
52f6838a-4033-4a71-84bb-81cbb4e64ab7,3,dry,good,9.9,t3,0.9012,report
5322ecad-3152-4fab-8f66-8552c0ebd4c2,3,wet,good,9.42,t2,0.9462,report
53325adb-0ff2-480a-8af0-fd9da2a10322,2,dry,poor,5.1,t1,0.949,report
53cc0e66-5c68-43ea-84aa-b78bda14e0b0,3,dry,good,9.96,t3,0.9866,dev
53d69964-ae7d-4ccc-a297-91a9b21c772e,2,wet,ok,10.02,t3,0.8775,report
5402221a-1b2a-4472-ba3e-f5cfc04f18f0,2,dry,good,9.9,t3,0.9639,report
54138a2b-3f07-44aa-bc08-f254422e32ab,3,dry,good,5.64,t1,0.9961,report
5418a808-f17d-4985-a1eb-5d1ee3647cb0,1,dry,ok,9.78,t2,0.9991,report
542db002-c9b8-4646-85fc-1f5b76730c1f,2,dry,ok,5.7,t1,0.9827,report
545c655f-89ef-41c5-919a-11b2a09b0e49,2,dry,good,6.3,t1,0.9247,dev
55534e14-5e4e-4102-8bb0-2011ca1c371a,2,dry,ok,7.74,t1,0.9439,dev
55534e14-5e4e-4102-8bb0-2011ca1c371a,3,wet,good,7.74,t1,0.9439,dev
5557f2d3-acf7-4974-a78f-a7ae2b2c43e1,3,dry,good,8.52,t1,0.998,report
55c0a763-5f42-476e-9c72-e2924b21b2b4,1,dry,ok,6.42,t1,0.9686,report
55c0a763-5f42-476e-9c72-e2924b21b2b4,2,wet,good,6.42,t1,0.9686,report
55c0a763-5f42-476e-9c72-e2924b21b2b4,3,wet,good,6.42,t1,0.9686,report
55cb1a15-6513-4602-8f59-ecdb5681248c,1,dry,ok,6.9,t1,0.9818,report
55d74dca-c7b2-4788-b874-265b1047ed58,2,dry,good,9.78,t2,0.9908,dev
562c3783-d5ac-4d30-90c6-054fbc83dbff,2,wet,good,9.9,t3,0.952,report
563a6cd6-55b0-4895-af02-87de034ae948,3,wet,good,9.78,t2,0.9953,dev
56994aa1-4626-4782-9f27-f125adfd120a,1,dry,ok,3.3,t1,0.9916,report
56994aa1-4626-4782-9f27-f125adfd120a,2,dry,good,3.3,t1,0.9916,report
56994aa1-4626-4782-9f27-f125adfd120a,3,wet,good,3.3,t1,0.9916,report
56da1f04-fe81-4928-a1de-0f3b9d333c12,1,wet,ok,6.78,t1,0.9896,report
56db4bed-54ee-4560-b962-cbab7d552621,2,dry,good,9.66,t2,0.9742,report
5711e007-399f-4293-bf70-32f027c17cc4,3,dry,good,9.36,t2,0.9822,report
5729ad12-0130-4b4f-8865-159fbf93018a,1,dry,ok,9.96,t3,0.9902,report
5751a296-bed4-42b8-806b-829d5ec3d5f7,1,dry,ok,3.9,t1,0.9798,report
57aa5dd7-ba09-4e2c-979b-a2c6e6a30d68,2,dry,good,9.84,t2,0.9966,report
57c25c39-f510-44e3-9ca0-0f694c81a440,2,dry,ok,9.9,t3,0.9482,report
57e1df06-5e7a-451e-8ffa-6aeaeb732192,3,dry,good,9.96,t3,0.9605,dev
5806ea47-6382-4268-bc3b-2be28a600e15,2,dry,ok,9.84,t2,0.9416,dev
5830e2bb-5a49-4ec2-9b53-9c6727e54e1a,2,dry,good,9.12,t2,0.9951,report
583240d0-4e6f-4456-8894-be5a74010add,2,dry,ok,9.78,t2,0.9885,report
583bcee8-db16-4027-b767-cd74e9433cba,2,dry,ok,9.84,t2,0.8646,dev
58970bd3-2993-4762-8b21-0c5a2937c16b,2,dry,good,3.66,t1,0.8596,report
58a3d924-98cd-426f-9b58-cb6240b7d044,1,dry,ok,9.96,t3,0.987,report
58a9d260-53d9-4ba6-b7d4-3e7357412426,3,wet,good,4.38,t1,0.8538,report
5911fb77-57a0-4d35-93b5-4a966574df35,2,dry,ok,9.78,t2,0.9756,report
59285a69-a0c0-40fb-92ee-c4a771b292b4,3,dry,good,9.78,t2,0.9817,report
5998a733-5790-4918-adff-cef8e7b12a73,2,dry,good,9.96,t3,0.9879,report
5a0fe430-5054-4fe4-b2da-29824128b3a4,1,dry,ok,8.28,t1,0.9511,dev
5a229a4b-e0ae-478c-97d5-1963cb0ac690,1,dry,ok,4.44,t1,0.9818,dev
5a5bb9b5-5ff2-478a-94d2-2046c24ecd0d,1,dry,ok,9.9,t3,0.9959,report
5a5dccc2-ce4e-4c4e-ab49-a0dcf6f4a2d0,2,wet,ok,9.78,t2,0.9774,report
5a62f40e-e685-46d5-bed0-9015bb8488c0,3,wet,good,10.02,t3,0.9833,report
5a783d35-fd85-43d7-9ae7-22db4f523269,2,dry,good,2.94,t1,0.9962,report
5ab4d303-64be-4ea4-a65e-8681659e8e5f,1,dry,ok,9.78,t2,0.9863,report
5ac1a9c3-b135-4589-95dc-cf2a222265f8,1,dry,ok,5.64,t1,0.9982,dev
5ac60a58-ed8d-4b77-8338-fbefe993ad6e,2,wet,ok,9.78,t2,0.9914,dev
5b2342d2-01f8-4ad7-bf13-217601cd3c13,1,dry,ok,8.16,t1,0.9836,dev
5b32c2c2-fb33-47e7-93da-86968876ce02,1,dry,ok,9.78,t2,0.9945,report
5b5baa97-50c4-4c11-8a60-a2b39c34e56b,2,dry,good,9.78,t2,0.9976,report
5b7312df-3d0b-4a64-8884-e9072acceb41,1,dry,ok,8.7,t1,0.946,report
5b7312df-3d0b-4a64-8884-e9072acceb41,2,dry,ok,8.7,t1,0.946,report
5b7312df-3d0b-4a64-8884-e9072acceb41,3,wet,good,8.7,t1,0.946,report
5bcb66a6-ed26-45fc-a0a1-c7286a01de66,2,dry,good,9.9,t3,0.9959,report
5be10c89-4c9a-495e-8671-f445f51a3fe0,1,dry,ok,9.9,t3,0.9896,report
5be10c89-4c9a-495e-8671-f445f51a3fe0,2,dry,good,9.9,t3,0.9896,report
5c3d8573-8193-4501-8a27-d5e2f881c7b4,3,dry,good,8.16,t1,0.9946,dev
5c434e8c-d6cc-4011-b4e8-013fc8183324,3,wet,good,9.84,t2,0.9761,report
5c4b21f1-e8d1-4133-9f78-76b3ef3c5f18,1,dry,good,9.96,t3,0.9978,report
5c4d833f-64ac-4ec0-82d9-3327020c870f,2,dry,good,9.84,t2,0.9744,report
5c5888da-63a8-4357-acad-3b371173db46,2,dry,poor,9.3,t2,0.9918,report
5c7dd012-e466-4862-95ab-7e3fb545a291,3,wet,good,9.84,t2,0.9459,report
5c8604ef-6403-454a-b8ec-0151a37d6ef6,1,dry,ok,9.9,t3,0.9305,report
5cc60202-8998-426d-8e01-e05fc091f7ed,2,dry,ok,9.3,t2,0.9304,dev
5cca343b-e880-48df-bc1d-3cbf130debb8,2,wet,good,6.96,t1,0.949,report
5d1fff93-65cd-49dd-b9d4-3303e350b546,3,dry,good,9.48,t2,0.9961,dev
5d29532f-943b-4726-aca8-21191eeba327,3,dry,good,9.78,t2,0.9947,dev
5d4cb7a7-b4e4-4eed-828d-e5c46829da09,1,dry,ok,6.84,t1,0.9946,report
5d5c5271-5a75-49ed-99fb-dc62d85071ff,3,dry,good,9.9,t3,0.9938,report
5db9f54b-8f92-4a15-bc2e-862dcd6d375b,2,dry,ok,9.9,t3,0.9368,report
5e232ea7-d639-4ec9-99b2-1829528cdf1c,2,dry,ok,7.38,t1,0.9916,report
5e2dd52b-f9f1-4647-ac69-858dcb6f7611,1,dry,ok,9.66,t2,0.993,dev
5e5bbcfe-9901-4fd8-9be7-d51ea7251cbe,3,wet,good,9.72,t2,0.929,report
5ef9fa57-cf7d-4964-a001-05fd72063add,2,dry,good,9.9,t3,0.9791,report
5f0a1915-2cd5-41fb-9887-e17ab27b515e,2,dry,poor,9.78,t2,0.9621,report
5f5f4027-45d4-4867-a9e2-ecc500eaf21d,1,dry,ok,6.24,t1,0.9968,dev
5f5f4027-45d4-4867-a9e2-ecc500eaf21d,2,dry,good,6.24,t1,0.9968,dev
5f5f4027-45d4-4867-a9e2-ecc500eaf21d,3,dry,good,6.24,t1,0.9968,dev
5fdfbf5f-b4db-42ad-8971-275b616bcc72,3,wet,good,9.84,t2,0.9149,dev
5fe2cece-1061-4f53-b4ac-64a07efc6ba1,2,dry,ok,7.26,t1,0.953,dev
600f5af7-1fc6-4e3f-9046-76dc782cfca8,1,dry,ok,9.78,t2,0.9972,dev
6034baa0-0bb8-4c7e-8699-f4a99b5d728f,3,dry,good,9.9,t3,0.9817,dev
60c3afcc-fe9b-4d91-b713-0ab357d5c825,2,dry,good,5.46,t1,0.9884,report
60c8c3f3-7a5f-4fdb-be90-335b3c078f08,2,dry,ok,9.96,t3,0.978,report
611e6287-ba3d-4300-837c-76f185566428,2,dry,good,3.54,t1,0.9955,report
6157e4c8-3da4-4811-9b4e-3a88c55f6401,3,wet,good,9.36,t2,0.9166,report
616464a2-ee80-48e0-a96b-cd4464445162,3,wet,good,8.76,t1,0.9958,dev
617658ed-22f1-4286-9da8-ae3410da15ed,3,dry,good,9.84,t2,0.9614,dev
618fc43a-4d9d-4dad-8b68-2714b584ccc4,2,wet,ok,9.9,t3,0.9322,report
61924ecf-e529-41de-b3a8-626bc58e044d,2,dry,good,7.98,t1,0.9973,dev
6208f70a-1cd0-4428-a68e-b3db1bc8abf7,1,dry,poor,5.58,t1,0.9718,report
620ded24-220f-4ada-b032-2b5c170b279a,1,dry,ok,9.78,t2,0.901,report
620ded24-220f-4ada-b032-2b5c170b279a,2,dry,ok,9.78,t2,0.901,report
620ded24-220f-4ada-b032-2b5c170b279a,3,dry,good,9.78,t2,0.901,report
623ffc46-b297-4614-a11c-a6e52859b04a,2,dry,ok,9.6,t2,0.9971,dev
6273e21b-563c-46dd-8cd0-ad353463cbbb,3,dry,good,9.84,t2,0.9429,report
62de2524-c400-459b-98a2-746e0ed84eb2,1,wet,poor,9.96,t3,0.9937,dev
62f896df-c2cb-4943-86a6-428297ce67be,2,dry,ok,2.7,t1,0.931,dev
6308a83f-58f0-4cd8-be25-5c75b8883126,3,dry,good,9.3,t2,0.9158,report
6352a786-97a0-4d0a-9dcd-5c68c8effb9b,2,dry,poor,6.12,t1,0.9629,report
636c468c-d6db-4a7d-8e0e-31c7f68baa49,3,wet,good,9.78,t2,0.8924,report
637d6498-1d52-4860-9976-5a7a94f2a0c3,1,dry,ok,9.84,t2,0.9786,dev
637d6498-1d52-4860-9976-5a7a94f2a0c3,2,dry,ok,9.84,t2,0.9786,dev
637d6498-1d52-4860-9976-5a7a94f2a0c3,3,dry,good,9.84,t2,0.9786,dev
63966209-4f8e-49a3-b634-d77b53ca9111,2,dry,good,3.96,t1,0.9943,report
639c0947-16a5-421a-af60-96ddfa896024,1,dry,ok,9.72,t2,0.9952,report
639c6225-edd2-4f9c-8c7f-5fedd57ef73f,2,dry,good,9.9,t3,0.9979,report
63acc1aa-2087-4c46-b0a8-56d38a3b1b10,3,wet,good,9.96,t3,0.8708,report
641a25a8-413c-4a45-b74f-a46edc276724,3,wet,good,4.32,t1,0.9344,dev
64543497-41c9-4975-b3c5-b81632467cc4,2,dry,good,6.36,t1,0.9961,report
64565fdb-05f4-4ee8-abe3-13b2a6bde887,1,dry,ok,9.84,t2,0.9223,report
6462d540-48bc-410b-b08e-cdf0b45ee118,2,wet,good,9.78,t2,0.8723,report
6462d540-48bc-410b-b08e-cdf0b45ee118,3,wet,good,9.78,t2,0.8723,report
64c52b39-ae24-4423-bb47-81772a444bfe,1,dry,good,9.06,t2,0.9944,dev
64d7d0e6-715c-4fd2-a0e8-334122b61ff2,2,dry,good,3.78,t1,0.9732,dev
64da4ad6-4280-49a1-bd37-e35efd7837c6,3,wet,good,9.96,t3,0.9918,dev
64e5b75c-8c2d-4640-920b-734c7e126616,2,dry,ok,9.84,t2,0.992,dev
64e6a399-4aff-4758-a7a1-68f5460bd320,3,dry,good,9.6,t2,0.9973,report
64ff0a57-3000-465e-b47c-82f326b28368,2,dry,ok,6.42,t1,0.9822,report
651341cb-6be7-4981-b3e0-a454dee3af64,1,dry,ok,9.72,t2,0.9795,report
651341cb-6be7-4981-b3e0-a454dee3af64,2,dry,poor,9.72,t2,0.9795,report
651341cb-6be7-4981-b3e0-a454dee3af64,3,dry,good,9.72,t2,0.9795,report
65ba1f8c-b528-425e-b55f-2e132638fa39,3,dry,good,2.16,t1,0.9029,report
65f8a73e-9cf4-480f-8f4f-c31e67753ea7,3,dry,good,4.2,t1,0.9198,report
6604cf63-454a-4b13-9fc9-95eb74566e8e,2,dry,good,9.96,t3,0.9517,dev
662f6819-1c22-4b25-bd91-d579bb141d49,3,dry,good,8.76,t1,0.9965,report
662fb840-9285-4fed-a114-633a324dc49f,2,dry,good,9.96,t3,0.9959,report
664582dd-dbb1-4765-804b-79144ae16d53,1,dry,ok,9.9,t3,0.9942,report
6647b629-2246-48c9-83ad-c3ad4795c891,1,wet,ok,9.72,t2,0.9985,report
6648cb81-abf5-476b-81e2-0abe5be299e4,2,dry,good,5.88,t1,0.9877,dev
664efc01-b7d3-4dfd-a1c8-dbbcba0780ce,3,dry,good,8.52,t1,0.9823,report
66636b7b-3e0e-4613-9f1f-4ec16fb313c3,2,wet,good,9.96,t3,0.9868,report
668b7922-c4e5-4045-8bca-7543faa5ed32,1,dry,ok,9.9,t3,0.8715,report
66bd4211-2034-4cde-82ad-59aeff6e7eb8,3,wet,good,9.84,t2,0.9939,report
671d5452-c6a5-456b-aac5-48ef5278f773,3,dry,good,9.96,t3,0.9787,report
67642e42-eb6f-4161-8644-4ed4ea45f936,1,dry,ok,9.96,t3,0.9515,report
67b0eab5-c09a-406b-9d1f-17562da9a7dd,1,dry,ok,5.34,t1,0.9747,report
6811fc15-6ffc-4623-85aa-bf477c4d0082,3,dry,good,7.02,t1,0.9586,report
6816fa8c-2bd4-4be4-bbb0-d18a397f99e5,3,dry,ok,9.72,t2,0.915,dev
684c1be1-e790-4f4f-a84a-ab7834310c5b,3,dry,ok,9.6,t2,0.9665,report
6868da77-a36a-4fb4-afa5-aba26bd2bbd5,1,dry,ok,9.9,t3,0.9936,report
68b4ed26-ca37-4c15-befc-58dd6ca637ea,1,dry,ok,8.46,t1,0.984,report
690b9a1e-07e0-4be0-9c50-aa9657ed4b13,2,dry,ok,3.84,t1,0.8268,report
69101dc9-dfd5-43b5-b063-54a2e634e021,3,dry,good,9.84,t2,0.9803,report
69317fad-cc19-43fe-8537-782fc415ee7c,1,dry,ok,4.14,t1,0.9387,report
69317fad-cc19-43fe-8537-782fc415ee7c,2,dry,good,4.14,t1,0.9387,report
69317fad-cc19-43fe-8537-782fc415ee7c,3,wet,good,4.14,t1,0.9387,report
69443da8-7868-4020-8eb6-af768b893a21,1,dry,ok,3.72,t1,0.906,report
695ad34d-f9e1-40c6-b430-fbf3fe6f2517,3,wet,good,2.34,t1,0.8623,report
695c085f-a11f-4180-9c9d-7cec980fced9,3,dry,good,9.78,t2,0.8089,report
6978f6b4-6485-46c2-90a3-70cf5b944868,1,dry,ok,9.9,t3,0.8111,report
6a4726f8-f69e-423c-86be-f8d0c4975d4f,3,wet,good,7.08,t1,0.9873,report
6a577002-17a0-44a5-87bf-14ba2a225616,1,dry,ok,8.4,t1,0.9929,report
6aa04a12-6e9a-4b9c-80da-a9fa01fc1757,1,dry,ok,9.72,t2,0.9623,dev
6ad6d999-71c0-409b-970e-03aee3078306,3,wet,ok,9.96,t3,0.9591,dev
6afffb59-71d0-4a4c-b575-cde463c0a24a,2,dry,good,9.9,t3,0.9965,report
6c7893ac-4ca9-47af-8a91-fd0926dd7f39,2,wet,good,9.72,t2,0.9471,report
6c7893ac-4ca9-47af-8a91-fd0926dd7f39,3,dry,good,9.72,t2,0.9471,report
6c9a5f33-9e90-4c08-8782-20b0d86abc46,1,dry,good,9.96,t3,0.9914,report
6c9a5f33-9e90-4c08-8782-20b0d86abc46,2,wet,ok,9.96,t3,0.9914,report
6c9a5f33-9e90-4c08-8782-20b0d86abc46,3,wet,good,9.96,t3,0.9914,report
6cbc0d07-c436-48c5-a13f-e1c0e9334550,2,dry,good,8.22,t1,0.9875,report
6cd0a8d6-8e94-4ff2-8ad6-ed18ae2b207c,2,dry,ok,9.9,t3,0.9929,report
6ce9c771-2d64-4e26-9fe1-e0950221b59d,3,wet,good,5.64,t1,0.9051,report
6d25354c-712b-4d24-831a-e99a95dd597b,2,dry,ok,9.78,t2,0.8101,dev
6d2c407f-d8ea-4de1-bb74-c2b035bb006f,2,dry,good,9.9,t3,0.9868,report
6d45e866-26cd-4c90-b538-8e3d74639f93,2,dry,ok,9.72,t2,0.8104,report
6d485342-6c82-4d58-8a54-d8777ceeca9b,3,wet,good,9.84,t2,0.9652,report
6d528de2-cf20-4caa-a22e-ffc588c0bacb,3,dry,good,6.48,t1,0.9969,dev
6d8fcfb2-7aff-4143-a319-99d568035655,1,dry,ok,4.98,t1,0.9893,dev
6d941efe-43f9-4a64-8172-58cbb20400ab,3,dry,good,9.78,t2,0.929,report
6d9ea08f-896a-4320-92ec-4eb20c59a18c,2,dry,good,4.8,t1,0.9151,dev
6dd2d1e3-e140-489f-905f-007a7f54321c,2,dry,good,9.84,t2,0.9632,dev
6dff10f3-5df0-4b5a-be62-613afd6115dc,1,dry,ok,7.5,t1,0.9948,dev
6dff10f3-5df0-4b5a-be62-613afd6115dc,2,dry,good,7.5,t1,0.9948,dev
6dff10f3-5df0-4b5a-be62-613afd6115dc,3,wet,good,7.5,t1,0.9948,dev
6e29a18f-97b6-4304-872a-9226eeb3340a,1,dry,ok,9.96,t3,0.9831,report
6e348474-0779-49fa-afdf-49420f8ad6b2,3,dry,good,2.82,t1,0.8799,report
6e3510f8-1fb9-4bd7-b316-adddd9b5fd67,2,dry,good,9.84,t2,0.953,report
6eb6b7fd-e445-4230-af3c-b530d364cee1,3,dry,good,9.78,t2,0.9883,report
6ecde34e-2767-47b0-aef3-2828d4b181c7,2,dry,good,9.78,t2,0.9856,report
6f0a2344-8d8b-4db5-b4c3-cf569ca4f7b9,2,dry,good,8.22,t1,0.9808,report
6f2e82d2-a307-43d7-b3a9-b50cb1a04d9e,2,dry,ok,10.02,t3,0.9892,report
6fbee7bd-2530-404b-80e2-bb2d1317d7c5,3,wet,good,5.46,t1,0.8991,report
6fc243bf-14f0-42ab-97e3-f1fe3fdfe3ce,2,dry,good,6.96,t1,0.9937,dev
6fe32e9d-c238-4cec-bc0d-215300d55bef,2,dry,good,6.18,t1,0.9474,report
70049bd1-5f1b-42fe-8d8e-2ebf384cfca3,2,dry,good,8.7,t1,0.997,report
70199b46-18c6-42f7-8a56-ceaa854a6acf,1,dry,ok,8.76,t1,0.982,dev
705e111b-1e41-4831-97e2-7990771c9fe4,3,dry,good,4.44,t1,0.96,report
706b1acc-0e61-499e-abb1-43de015eef46,2,wet,good,7.02,t1,0.9824,report
7078c585-556f-4e63-8e4f-f82519cf70c1,2,dry,good,9.72,t2,0.9752,report
70bd76c5-bfc6-4a4d-9942-47588699c714,3,dry,good,7.08,t1,0.9926,report
70dbb19c-8c7a-45d4-9d2a-cd2272cc7ccb,1,wet,poor,6.48,t1,0.9048,report
70dbb19c-8c7a-45d4-9d2a-cd2272cc7ccb,2,dry,good,6.48,t1,0.9048,report
70dbb19c-8c7a-45d4-9d2a-cd2272cc7ccb,3,wet,good,6.48,t1,0.9048,report
70ea204c-0ac3-494c-a998-ac38df39b2ac,3,wet,good,8.04,t1,0.9458,report
70ea9638-f7e3-4f16-bb97-7d066a0e6cdf,2,wet,good,9.96,t3,0.9134,dev
70ea9638-f7e3-4f16-bb97-7d066a0e6cdf,3,wet,ok,9.96,t3,0.9134,dev
7117304a-e59b-42c9-bea9-3c6f17b0d30e,3,dry,good,9.66,t2,0.8796,dev
71c1c347-8d5d-434b-ab15-3f0a73d2caf7,2,dry,good,5.82,t1,0.926,report
71d4e0e2-99b1-49bc-990f-1f7b4b5de826,1,wet,ok,5.7,t1,0.9497,dev
71e56426-e99f-4c1a-b39a-55d7c687704c,3,wet,good,9.84,t2,0.9885,report
72124975-ff71-4379-8f71-f6f8337b3fa7,2,dry,good,4.38,t1,0.9871,dev
7240dc44-c2c7-4a09-bb78-e4297d1462ba,3,wet,good,5.88,t1,0.9612,report
72418df9-2a0a-4da5-922d-7a1d5d12ab80,3,dry,good,9.6,t2,0.9668,dev
724ff070-52ab-48e8-8e85-f6431a9d2869,1,dry,ok,9.36,t2,0.9398,report
727d5520-8fc9-4c41-b112-d6f0c3ab987b,2,dry,good,9.78,t2,0.9578,report
729d23d1-9abd-44df-8b05-22217b1ffbdf,3,dry,good,9.78,t2,0.9319,report
72af1dd5-618e-47f2-a11f-f3a61d9b396f,2,wet,good,6.84,t1,0.9842,dev
72b95c95-1a95-437c-9d52-86b53461b304,2,dry,good,9.84,t2,0.9955,report
72bf1cb5-9f60-40db-9666-470d6d02f02c,2,dry,good,4.92,t1,0.9975,dev
72dd3a5a-622a-4f94-aa17-b8142e82a944,3,dry,good,8.64,t1,0.9927,dev
72eb0edc-42e6-40b5-b788-39d8dae7f353,3,wet,good,10.02,t3,0.9958,dev
731cbe07-5754-46cf-bb5c-873a670cd5d7,3,wet,good,9.84,t2,0.9764,report
7330dd4d-3edf-43b4-a703-4d077c573fe9,1,dry,ok,9.96,t3,0.9834,report
7336b77f-6873-4e2c-837d-2ef925a3d33e,2,dry,ok,9.84,t2,0.9679,dev
7376afac-2a76-408c-9bee-7b7ed2555692,2,dry,ok,9.9,t3,0.9445,report
73786652-bf01-4a78-8e04-7c44a77d5108,1,wet,ok,9.48,t2,0.9882,report
73fc1cdd-e291-46f7-9353-4a7b93cd08de,1,dry,ok,8.52,t1,0.9913,report
74536842-b3dc-4f8f-b232-0333419d7ca2,1,dry,ok,9.84,t2,0.9152,report
74536842-b3dc-4f8f-b232-0333419d7ca2,2,wet,ok,9.84,t2,0.9152,report
74536842-b3dc-4f8f-b232-0333419d7ca2,3,wet,good,9.84,t2,0.9152,report
7465377a-8963-4a0e-bd1b-92a8924b1ccb,2,dry,poor,9.72,t2,0.9865,dev
74c47154-dc42-4f14-8285-b5a507ef9463,1,dry,ok,9.9,t3,0.884,dev
75135933-89b0-4d43-9d75-688453353f56,2,dry,good,9.84,t2,0.9791,report
751c4649-2d74-46f1-a873-b0d40946e145,2,dry,ok,5.4,t1,0.8697,report
752cd126-1698-4d9d-9649-a1177196d769,1,wet,ok,9.84,t2,0.9968,report
756d7aa4-e12a-4eb3-b119-2b8a7db0abb6,2,dry,good,5.52,t1,0.9748,dev
75be8a70-37fd-42ea-8daf-9ee78d1018a1,3,wet,good,9.9,t3,0.9418,report
75beb147-887b-407b-bdb0-e1eeb4de98ba,1,dry,ok,9.96,t3,0.9854,dev
76095239-daab-4439-84fe-8f869f743eff,3,wet,good,9.3,t2,0.9876,report
760cb050-4175-4498-817d-a9976e359c52,1,dry,ok,10.02,t3,0.9938,dev
76183e29-22c1-4d51-aafa-6b96e93b3aa2,1,dry,ok,9.3,t2,0.9389,report
7630638c-1d22-4852-be07-5a27af3c1e49,3,dry,good,9.9,t3,0.8536,report
76312f74-2d0f-4739-96e9-f33369076b94,2,dry,ok,9.96,t3,0.8255,dev
764d2729-f572-490a-8f22-1397e2e19906,2,dry,good,9.72,t2,0.9954,report
7667763a-3a74-4a29-b5f3-67b626922e05,2,wet,ok,9.72,t2,0.8142,report
7672fa5b-277c-40e4-98e7-bca978acfe9e,2,dry,good,9.9,t3,0.9947,dev
76779311-1f9c-40b5-845d-bde19b0d9c0e,1,dry,ok,9.78,t2,0.983,report
76a03d41-09de-4d00-b1e6-0cedf0b3dbda,2,dry,good,9.84,t2,0.9699,report
76f0dea9-2043-4984-b515-7a0d03d31035,2,dry,ok,9.78,t2,0.9171,dev
76f9d2cf-0ee1-4c38-9f49-02e59b8d6fb3,2,dry,ok,9.78,t2,0.9645,report
7717442d-d687-4821-a55f-a89b524ff17b,3,dry,good,9.78,t2,0.9971,report
77b10e13-74b7-435c-ab67-854ad713af63,3,wet,good,2.46,t1,0.994,report
7829cf00-5aeb-41c5-9f0d-6143ab9da674,2,dry,good,9.24,t2,0.8965,report
78637ec8-6570-4b6a-b8fd-a1610022c413,2,wet,good,4.14,t1,0.9802,dev
7872c598-46e9-4bc5-804b-47c71b4be1ac,3,wet,good,6.72,t1,0.897,report
7876c549-066a-4ea1-a82e-45772114f964,1,wet,poor,5.76,t1,0.9666,report
7876c549-066a-4ea1-a82e-45772114f964,3,wet,good,5.76,t1,0.9666,report
78bad8e5-5c35-4c29-816a-34c44296fdd8,2,dry,ok,9.6,t2,0.9879,report
78c1fbe5-0d8a-4747-b238-bdb66e3fceb2,2,dry,good,9.84,t2,0.962,dev
78e927fd-986d-42a0-9361-95ac0b7e6d43,2,dry,good,9.9,t3,0.9755,dev
78f09849-4d67-4a69-906b-c6dd5cb22892,2,dry,ok,9.78,t2,0.8028,report
796748e0-b012-44f0-9725-dea2bf495f2f,1,dry,ok,3.48,t1,0.9843,dev
79a12ab8-7497-4a70-871f-5486c6699f45,1,dry,ok,9.42,t2,0.9802,report
79e8672c-fcd7-49ad-bbd7-1ad4a50d07e6,2,dry,ok,4.74,t1,0.843,report
7a372c4a-1043-43b1-a03c-f2296dfd6b68,2,dry,good,9.84,t2,0.991,dev
7a92755e-90c8-4491-a7ec-36b3d9a74ceb,1,dry,ok,9.96,t3,0.9696,report
7ad89fd2-56cb-43cd-84ea-4d3eb7b30e00,3,dry,good,9.78,t2,0.9971,dev
7ae1ffe1-2259-411f-8ead-6c107e01e824,2,dry,ok,9.78,t2,0.9516,report
7ae1ffe1-2259-411f-8ead-6c107e01e824,3,dry,good,9.78,t2,0.9516,report
7b4e2b37-d42a-4184-a06a-d824c89fe264,3,wet,good,5.22,t1,0.9849,report
7b5698cb-b713-4f6d-bb5f-6142b6f509a3,3,wet,good,3.72,t1,0.9839,dev
7b7e11b1-0f2b-4531-b071-54b7889c4771,3,dry,good,6.78,t1,0.9962,report
7bd5996c-f98d-46bc-be93-ca6e1139d838,2,dry,good,2.46,t1,0.8954,dev
7c0c7e95-4a6b-4d75-b46c-6cb8cf280094,2,wet,ok,9.72,t2,0.9534,report
7c1b43d9-49f7-41ee-a347-2971c161ac7a,2,dry,good,5.76,t1,0.974,report
7c3d9217-c501-4628-bd25-808b65d612b1,2,dry,poor,9.96,t3,0.9077,report
7c48edd6-5800-4899-8f0a-c458c1b39e68,2,dry,good,2.94,t1,0.9688,report
7cb4843e-bdf2-4dbc-9956-bf2464cb6c7d,2,dry,good,9.84,t2,0.999,report
7cd1efb7-e973-492d-8a2c-e00a42ef0d78,3,dry,good,9.9,t3,0.9943,dev
7d0f7c10-c2fb-4a0b-8917-00c1bbfa9ba9,2,dry,good,9.96,t3,0.8217,report
7d12bc5b-4a07-4118-9f2d-15791f4354b1,1,dry,ok,9.96,t3,0.9891,report
7d2e208f-4b40-43c8-8f85-e05f9671db2c,2,dry,good,9.9,t3,0.914,dev
7dc52a58-ffa9-450c-b557-99386ae99915,3,dry,good,9.66,t2,0.9789,dev
7e2f4bb0-a4a1-4e62-a26f-f4174ab4954b,1,dry,ok,9.96,t3,0.9747,dev
7e307ff5-00ca-4f25-bd20-1c1d2d3b9b47,3,wet,good,9.84,t2,0.9888,dev
7ea60289-23f5-4a44-a581-cdfcee186f4f,2,dry,good,9.96,t3,0.9807,dev
7eac138a-818b-49d3-8ff8-2facdb910b71,1,dry,ok,4.38,t1,0.9951,dev
7eb443fd-ec2a-49e4-b388-8c5dc87cbdcb,3,wet,good,9.72,t2,0.9574,dev
7ec311f3-c48a-4b46-81dd-de4ffca3610c,2,dry,good,9.96,t3,0.9496,report
7edbd2b6-bced-4f68-ae00-e5c2ccb59ae2,1,dry,ok,9.84,t2,0.927,report
7f092bc1-06f2-43d5-b943-8bb4ec8a7661,2,dry,good,4.2,t1,0.9925,report
7f1f564a-55eb-4357-b411-e0bf9818e56c,1,dry,ok,9.9,t3,0.9397,report
7f64a4ba-035c-41e1-a7d0-34f60d160648,2,dry,ok,8.04,t1,0.9037,dev
7f796fc4-89d2-4858-8994-3c2cc72097b6,3,wet,good,9.18,t2,0.9831,report
7fe58bc1-6f08-4eee-801c-0c8bf9287fd5,2,dry,good,9.78,t2,0.9934,report
80064664-c851-465f-b741-ed78ea1c4469,2,dry,ok,8.82,t1,0.8182,report
80411c72-2727-40a3-a781-0d71f1bb717d,3,wet,good,9.84,t2,0.9927,dev
805d5c82-a503-44a6-b69d-41532ebb859c,3,wet,good,4.56,t1,0.9814,report
80b89e0e-8ae8-4c2a-9f7d-29f85e539ca3,3,wet,poor,9.54,t2,0.9929,dev
80cb70ea-369c-44aa-b304-b72b5fe3d07b,3,wet,good,9.78,t2,0.9657,report
811d96a7-e63f-4a8e-afc8-d8cef7bec7aa,2,wet,ok,6.9,t1,0.9974,dev
814a5c9e-6174-4efa-a378-a990ac566ae2,3,dry,good,6.3,t1,0.993,report
818197ee-acaf-48e1-8776-1c70942a4ced,1,dry,ok,8.82,t1,0.9785,report
818197ee-acaf-48e1-8776-1c70942a4ced,2,dry,ok,8.82,t1,0.9785,report
81a75de7-dc30-4c6b-9722-c238feebf447,2,dry,ok,9.96,t3,0.982,report
81a75de7-dc30-4c6b-9722-c238feebf447,3,wet,good,9.96,t3,0.982,report
821f8448-26e5-4f74-acbf-e5d5058eaa93,3,wet,good,8.34,t1,0.9903,report
824a8cf9-1199-48bf-aad5-65539d6d2011,1,dry,ok,9.84,t2,0.9503,report
824a8cf9-1199-48bf-aad5-65539d6d2011,2,dry,good,9.84,t2,0.9503,report
824a8cf9-1199-48bf-aad5-65539d6d2011,3,wet,good,9.84,t2,0.9503,report
8254b396-cceb-4644-a723-5747cade8cf9,1,dry,ok,10.02,t3,0.9874,dev
8254b396-cceb-4644-a723-5747cade8cf9,2,dry,ok,10.02,t3,0.9874,dev
8254b396-cceb-4644-a723-5747cade8cf9,3,dry,good,10.02,t3,0.9874,dev
826697aa-c314-45d2-9a09-b726571ca407,2,wet,ok,9.78,t2,0.9427,report
83443b73-5740-4b3e-85ba-77e372fea63d,1,dry,ok,9.9,t3,0.9879,report
8396e93f-96ff-4fa3-8ef9-41c4d0ee191e,3,dry,good,9.9,t3,0.9294,dev
839ad7ed-cc68-4689-b29e-7c8af17d3067,2,dry,good,9.66,t2,0.9935,report
83c90c0f-3d84-4b60-b422-2b64630d9f7d,1,wet,ok,9.78,t2,0.9601,report
83d26908-f355-426a-b5dc-92dee890482d,1,dry,ok,9.78,t2,0.9957,report
83d26908-f355-426a-b5dc-92dee890482d,2,dry,good,9.78,t2,0.9957,report
83d4dbc2-6fc6-4644-8c9c-d00f8396bad4,2,dry,good,5.34,t1,0.8149,report
83f5d563-5e0c-4f09-b967-d66ade3ad885,1,dry,ok,9.9,t3,0.8313,report
8469a131-4174-4d7b-b588-00c9c0f91a28,3,wet,good,9.06,t2,0.9851,report
8475da17-5c32-415c-ba77-6dfad5ee5f9b,3,wet,good,8.28,t1,0.9917,dev
85607561-0a13-45e2-a4fc-9f42a2851d55,2,dry,ok,9.9,t3,0.9961,report
8564dea9-0622-45ea-abb7-26113c9a6eeb,3,wet,good,9.96,t3,0.9864,dev
8588cbcb-a7c2-47fe-bedf-734de9d855c8,2,wet,good,9.9,t3,0.8492,report
85950027-a5fd-4cd4-ad38-46202aa61172,1,wet,ok,7.38,t1,0.9844,report
85dc97de-cb3a-4107-bbc2-5ea33c3c5f38,3,wet,good,7.92,t1,0.8728,dev
86154e17-8089-4f5a-9dfb-427f4e5a9583,2,dry,ok,9.72,t2,0.9321,dev
861d08d1-8b10-40e3-afa0-710451936f11,2,dry,good,9.78,t2,0.9587,report
864b3b33-c30b-4215-a6ad-66be69c07197,3,wet,good,9.78,t2,0.9675,report
8673fbc5-4890-4f3f-807a-b3d3d95c11d7,2,wet,ok,9.9,t3,0.8362,report
8685af7a-1542-4e7c-beec-9bff016d5945,3,dry,good,9.9,t3,0.995,report
868d1ace-2365-4f81-bc7e-0fbe8214f5d7,3,wet,good,9.9,t3,0.9301,report
87afcc54-2b3c-45c1-a4c7-2e68a8e30280,1,wet,ok,9.54,t2,0.9821,dev
87b75a83-e9f6-4d33-bfb8-fa80dc6fc5b1,2,dry,ok,6.72,t1,0.9898,report
87ce9e3e-a222-4a51-87c0-c109cd79fd58,3,wet,good,9.9,t3,0.8258,report
88024607-e701-4a54-adeb-c4c1ecc282f4,2,dry,good,9.54,t2,0.9931,report
880d7516-b583-45c9-9012-949148905250,2,dry,ok,9.9,t3,0.9684,report
88498dd4-82ce-4430-9f7d-ca005a7c989e,2,wet,good,9.72,t2,0.9842,report
885278b4-30ed-4dd7-a813-f0e2706a12ba,3,dry,good,9.42,t2,0.8948,report
88571a5b-7d25-4373-86f8-f784dbceabec,2,dry,ok,9.9,t3,0.8324,dev
88571a5b-7d25-4373-86f8-f784dbceabec,3,dry,good,9.9,t3,0.8324,dev
8863f114-dc1d-4881-872b-31d71512f412,1,wet,ok,9.96,t3,0.9958,report
8868771f-51f8-48b9-a094-6a03c77d19ee,1,dry,ok,7.32,t1,0.9944,report
88a9b00f-205e-4fbc-9cda-1793f2c7600b,2,wet,good,9.42,t2,0.9929,report
88bec0f2-8dbd-44d5-a6c2-de1cf0646737,2,dry,good,9.9,t3,0.9589,report
88eed7b2-404d-4a3e-b18d-4eae00669b78,3,dry,good,9.9,t3,0.9872,report
88f6aa4d-d9e3-4d51-b803-5736e92762e4,2,dry,ok,9.96,t3,0.9636,dev
8905d5ea-2412-4222-93f8-95cd4455f8e4,2,dry,ok,9.78,t2,0.957,report
8905d5ea-2412-4222-93f8-95cd4455f8e4,3,wet,good,9.78,t2,0.957,report
8956ab9c-a0ca-4f2e-ae00-1f5d0065d50b,1,dry,ok,9.84,t2,0.9677,report
8956ab9c-a0ca-4f2e-ae00-1f5d0065d50b,2,dry,good,9.84,t2,0.9677,report
8956ab9c-a0ca-4f2e-ae00-1f5d0065d50b,3,wet,good,9.84,t2,0.9677,report
8960f83e-bc0f-48f9-b913-a905b11378d8,3,wet,good,9.9,t3,0.9575,report
8985c68f-0fd3-40af-957c-84971d883380,1,dry,good,4.98,t1,0.9952,report
89a9d33a-38ac-4927-914b-79d448519c72,1,dry,good,9.78,t2,0.9955,report
89bad459-b4f0-48ab-9907-28fe8f895800,2,dry,good,9.78,t2,0.9472,dev
89c97828-25b3-4957-8f2c-8da426e68d74,1,dry,ok,9.78,t2,0.9943,report
89c97828-25b3-4957-8f2c-8da426e68d74,2,dry,good,9.78,t2,0.9943,report
89c97828-25b3-4957-8f2c-8da426e68d74,3,wet,good,9.78,t2,0.9943,report
8a3058b7-c1ec-43d8-ae17-f1c72da07a21,3,dry,good,9.36,t2,0.9192,dev
8a37026e-32a9-4505-85f9-3c9dabccc284,1,dry,ok,8.4,t1,0.9812,report
8a5feabb-3b0a-49b5-900c-6d3d31e96794,2,dry,good,9.36,t2,0.9927,report
8aa95c58-4f0f-4df6-89a2-4b3b5d7841bb,2,dry,good,8.52,t1,0.9956,dev
8ac2ef46-05fb-4f68-bb2d-ca5b1e51ed7f,1,wet,ok,9.9,t3,0.997,report
8b04c1fa-4fbe-45f3-9b4a-5cc6a450c43c,1,dry,ok,4.98,t1,0.9981,report
8b0c699b-dca8-4ed0-bf4b-319774d31c54,3,dry,good,9.9,t3,0.9961,report
8b197bc0-2f11-4971-b643-1524cf030a2b,2,dry,good,9.9,t3,0.9934,report
8b427718-43ee-418f-b8f1-6807b3d6ed0e,1,dry,ok,9.0,t2,0.9875,dev
8b50115d-5e51-4fa0-9521-f6ecc0b6527d,2,dry,poor,4.86,t1,0.9684,dev
8b59b5d8-78bc-4654-b0ed-895480d38449,1,dry,ok,9.6,t2,0.8477,report
8b66adaa-ff22-45f1-b74e-9719c0d544f9,3,dry,good,9.78,t2,0.9328,report
8b733837-961a-4f17-a18c-13b89b54ef69,1,dry,ok,9.96,t3,0.9909,report
8b733837-961a-4f17-a18c-13b89b54ef69,2,dry,ok,9.96,t3,0.9909,report
8b733837-961a-4f17-a18c-13b89b54ef69,3,wet,good,9.96,t3,0.9909,report
8b745d24-d7df-48b1-bb89-f8a2a8886455,1,wet,ok,4.74,t1,0.982,report
8b96d238-8053-4b15-86b6-a31f448dda73,1,wet,poor,4.56,t1,0.8969,report
8b96fd41-6fed-4862-a308-f8dc676ad101,3,dry,good,9.84,t2,0.9841,report
8bb8315c-9afe-4205-911f-222c912f980e,3,wet,good,4.2,t1,0.998,dev
8c48edec-8c1f-4e36-b8a4-10576bf6f301,3,wet,good,9.72,t2,0.9959,report
8c509a42-be60-4f6c-b5a8-5f304d5caff7,1,dry,ok,9.84,t2,0.9914,report
8c6b92b4-6cdc-4a92-84e9-dc32f24ca87e,1,dry,ok,9.9,t3,0.9484,report
8c8228e5-3ce8-4420-82e6-24d5c54d612d,3,dry,good,9.9,t3,0.9911,report
8c84dca8-93c6-45bd-853e-6ba5d03b2cad,1,dry,ok,9.78,t2,0.9964,report
8c8bff30-d3ef-4308-9fea-09d958c12096,2,dry,good,9.84,t2,0.9566,dev
8c9122bd-5601-48aa-865a-63db152a91df,2,wet,good,4.74,t1,0.9908,report
8cb53fee-67d8-48f6-85eb-b74eab71d4bf,1,wet,ok,9.18,t2,0.9955,report
8cd6b5c0-96b9-4572-9b3d-2caf91996483,2,dry,good,5.88,t1,0.9295,report
8cdd0367-1661-4524-830d-2bd69aa6dee7,3,wet,good,9.84,t2,0.9822,report
8d33620a-f041-4c6c-b55d-78c1ac9eb8e5,2,dry,good,9.18,t2,0.9952,dev
8d553d2b-0679-4122-9502-ac2f14c83513,1,dry,ok,9.72,t2,0.9946,report
8e381f25-6bc9-4b5e-b221-f92e340e71b9,2,dry,ok,9.78,t2,0.9816,report
8e40d48d-8f5d-4892-8103-451b2679283f,3,wet,good,9.84,t2,0.965,report
8e472a6f-87ea-4c25-af3f-7bda3db7399d,1,wet,ok,9.9,t3,0.9677,report
8e71e6ef-4cde-4ccd-9407-cc37f808a1cb,1,dry,poor,9.96,t3,0.9661,report
8e72293b-1ab4-44d4-b5be-0b51038d2304,1,dry,ok,9.78,t2,0.9852,report
8e9e20cd-78c6-414d-91fb-c99092255bd6,1,dry,ok,8.7,t1,0.9309,dev
8eac4375-f279-468e-853d-c83c73a62077,1,dry,ok,9.78,t2,0.9733,report
8ec67d70-2a82-45ea-a646-ab8a5bc4bf4f,2,dry,good,3.48,t1,0.9857,report
8f20ec81-e8f6-4a72-ba04-42e5b1f3d522,3,dry,good,5.22,t1,0.9807,report
8f5531fb-5c2a-450b-b14c-4321085887d8,1,dry,poor,9.78,t2,0.9797,report
8f5531fb-5c2a-450b-b14c-4321085887d8,2,dry,ok,9.78,t2,0.9797,report
8f5531fb-5c2a-450b-b14c-4321085887d8,3,dry,good,9.78,t2,0.9797,report
8fb727a9-c3c9-4233-a9c9-dfc0a41516ee,3,dry,good,9.78,t2,0.9965,report
8fc1ec0d-4d46-4a76-a833-68763de21df1,3,wet,good,9.72,t2,0.9352,report
900e0342-6ad8-48f0-8cbc-e8f1950541df,2,dry,good,9.96,t3,0.9969,dev
90120a9b-ee30-4bef-b649-c725c986312e,2,dry,good,2.22,t1,0.9361,report
9031d3b2-4019-403f-9c71-f387e6b60a82,2,dry,good,9.78,t2,0.9874,report
906c93d3-6615-478b-a7a1-803a5a15d360,2,wet,good,9.9,t3,0.9923,dev
912af762-44df-4648-b48d-beba3435a401,1,wet,ok,9.84,t2,0.9752,report
91d9c321-7371-4a0c-af3d-398542cb9c4c,3,dry,good,9.78,t2,0.8836,dev
91e91fae-a111-4143-92c1-46b841db99f8,2,dry,ok,9.72,t2,0.9797,report
922fd4da-e8ce-4ef5-b9a8-56921dfa9328,1,dry,ok,9.84,t2,0.9105,report
922fd4da-e8ce-4ef5-b9a8-56921dfa9328,2,dry,ok,9.84,t2,0.9105,report
922fd4da-e8ce-4ef5-b9a8-56921dfa9328,3,wet,good,9.84,t2,0.9105,report
92307087-a106-4fd5-919a-a92b57ffd316,3,dry,good,9.78,t2,0.9974,dev
9235c603-3817-4c3e-b0a5-4624f1293282,3,dry,good,9.6,t2,0.9907,dev
9255b8a3-43a2-4c4d-a858-9ddc45bb506b,1,dry,ok,7.38,t1,0.9668,report
92580ab5-bc25-48ee-b844-16e2084cf14b,2,dry,good,9.78,t2,0.8394,dev
92b22064-50ef-4244-b5fd-aa348ceb7371,1,dry,ok,4.2,t1,0.9191,report
92b22064-50ef-4244-b5fd-aa348ceb7371,2,dry,good,4.2,t1,0.9191,report
92b22064-50ef-4244-b5fd-aa348ceb7371,3,dry,good,4.2,t1,0.9191,report
92bfada9-7b1c-4fcf-82d1-64ad74ad92a6,2,dry,good,9.9,t3,0.9943,dev
9333c624-ef59-44f6-9643-fa9b2485c173,1,dry,ok,9.9,t3,0.9703,report
9333c624-ef59-44f6-9643-fa9b2485c173,2,dry,good,9.9,t3,0.9703,report
9333c624-ef59-44f6-9643-fa9b2485c173,3,wet,good,9.9,t3,0.9703,report
936268f0-41a3-421d-bd18-8e69e597e84c,2,dry,good,9.54,t2,0.9776,report
93711a18-72ba-4e31-a846-73e3baf84128,3,wet,good,6.66,t1,0.9932,report
93833a6e-c67c-4c5f-9570-6f36ac22b9e6,3,wet,good,9.72,t2,0.9601,report
93d36f3e-2008-44cc-af6f-adb012cef434,3,dry,good,6.78,t1,0.9967,report
93d51cf7-6dee-49e5-b434-fa81a7595132,3,dry,good,7.02,t1,0.9778,report
93d85777-43fb-4fbf-a63b-95434133437b,2,dry,good,9.96,t3,0.9918,report
93dfe86e-d139-4b0e-b959-3b210701bab1,3,dry,good,4.26,t1,0.981,report
9420ab0f-61bd-4567-a229-e93ff115785b,3,wet,good,9.96,t3,0.8249,report
942152b1-4a8f-4d9b-a4e6-43f61504e589,1,dry,ok,3.96,t1,0.9733,report
94479e93-6f2a-4235-a73c-33d2fd083a42,1,dry,ok,9.78,t2,0.8228,report
94bfcb37-906f-4862-9c4e-69b5550e320e,1,dry,good,9.96,t3,0.9956,dev
94d56c05-bd2a-40c2-b86e-3877320f4ee8,3,dry,good,10.02,t3,0.9642,dev
952c0483-b8a7-4bd8-bef5-c829f7ced3f6,2,dry,good,6.72,t1,0.9895,report
952eafc4-38d9-468b-b46d-c9a5f6b3d620,2,dry,ok,9.78,t2,0.9754,dev
953e2f0c-d36f-4365-baa4-1d310ed74278,2,dry,ok,9.84,t2,0.9688,report
95677325-1a53-4792-bc6d-f2f707cfcb24,2,dry,good,9.9,t3,0.8558,report
95c2af6d-4ed8-4626-88d0-27515a452ffe,3,dry,good,5.82,t1,0.933,report
95c41fec-38ea-4144-a071-22baf4981bdb,3,wet,good,7.62,t1,0.9936,report
95dee56b-2ebb-48ec-acd7-2bb4ad631679,1,dry,ok,9.9,t3,0.9577,report
960336ac-2567-4136-8ee8-f8564d556822,2,dry,good,8.58,t1,0.9832,dev
961e1308-16f5-4f22-ae2d-fc4ddce3406b,2,dry,good,5.88,t1,0.9918,report
9639193c-1ada-4bc6-a5dc-6ea78064bb72,1,wet,ok,8.94,t2,0.9845,report
963eb20b-9874-42ea-8fb9-dab787876248,2,dry,poor,7.14,t1,0.9913,report
96678e97-6a39-4932-9c5d-13981167bbd8,2,dry,good,9.12,t2,0.9777,report
96684bb9-596c-4886-80e3-ccb2238e41d2,1,dry,ok,8.76,t1,0.9326,report
967a1fee-a7df-4644-9693-498626b618cc,2,wet,ok,9.84,t2,0.9966,dev
96898934-8f8e-4af6-b351-24039794ea57,1,dry,ok,9.96,t3,0.9327,report
96d74d27-92ff-4886-b3a4-14e2d7886bfe,3,wet,good,9.84,t2,0.994,dev
96f63bc1-4c6d-4dc9-84c3-43d5b69d4a87,3,dry,good,9.9,t3,0.809,dev
9736398b-2034-43a8-88e1-affa632772c9,1,dry,ok,4.44,t1,0.9077,report
97b6a1d6-2c18-458e-bc05-3fe48136902d,2,dry,good,7.44,t1,0.8476,report
97f284b3-45c9-4262-9d4f-adafe31d6b71,2,dry,good,5.28,t1,0.9953,report
980be57b-b54c-4e5e-871f-41ef7785dae5,1,wet,ok,3.24,t1,0.9597,report
9810b72b-79ca-474b-9b66-41079f892c79,3,dry,good,5.34,t1,0.9544,dev
981441a4-89d8-43c5-8e43-3768968fa614,2,dry,ok,4.38,t1,0.8588,dev
9821da28-7655-4736-abf8-4c89582e407f,1,wet,poor,9.66,t2,0.9915,report
9821da28-7655-4736-abf8-4c89582e407f,2,dry,good,9.66,t2,0.9915,report
9821da28-7655-4736-abf8-4c89582e407f,3,wet,good,9.66,t2,0.9915,report
983d7e7d-7e21-43a3-8b5b-801374c6b529,1,wet,ok,9.78,t2,0.9893,report
98c3b3a7-a287-40d6-ae48-fb59d8d21960,2,wet,ok,9.72,t2,0.8314,report
98cf4fc3-ac20-4007-a227-3b89dc43a52c,1,dry,ok,5.46,t1,0.9644,dev
98e4742a-3aab-4dcb-a5b8-e903f91c4324,1,dry,ok,5.46,t1,0.8944,report
98f74976-5070-4f9b-bcb9-b706b04da3cb,2,dry,ok,7.5,t1,0.9959,report
98fb6294-d339-4c83-8ff5-2bbcf82e35e0,1,dry,ok,9.9,t3,0.9385,dev
98fb6294-d339-4c83-8ff5-2bbcf82e35e0,2,dry,good,9.9,t3,0.9385,dev
990e8bc6-294e-4c33-983d-14a87aca6c57,2,dry,good,2.7,t1,0.9476,report
9934d1fe-f3a1-4246-a8b2-d0d61e003ddc,2,dry,good,7.14,t1,0.9835,report
994914cd-7e11-4f1e-b2c2-a0111f32307f,3,wet,good,4.74,t1,0.8701,report
995c65b0-7af5-4c3f-bac5-9405749f6f59,1,dry,ok,9.84,t2,0.9815,dev
99b2dc16-7b5f-4d45-99b2-c3768262be3a,3,dry,good,9.78,t2,0.9984,report
99ca2bde-0950-4e1d-8e9a-cbd0d70981bd,2,dry,ok,9.9,t3,0.8698,report
99d322ed-c367-4d45-b6d1-f008b47f1af9,2,dry,ok,9.84,t2,0.979,report
99d322ed-c367-4d45-b6d1-f008b47f1af9,3,dry,good,9.84,t2,0.979,report
99de245e-7797-4b68-8b4e-7be2c3600f49,3,wet,good,9.84,t2,0.8517,report
99e55cd3-f001-4c4d-98e8-c9e4e7a3410b,2,dry,good,9.84,t2,0.8852,dev
99eb251e-8aa9-4307-b77c-3864dc15a789,2,dry,ok,9.6,t2,0.975,report
9a4d243e-4ac6-4c34-9b73-7ef188a02ed0,3,dry,good,9.84,t2,0.9923,report
9a5b90f0-06d5-4748-a260-e888ace7e53d,3,dry,good,9.84,t2,0.9509,dev
9a70cfcf-2df1-4bbc-aed8-aa9afa094a9f,1,dry,ok,8.94,t2,0.9315,report
9a80a95e-6d74-4d45-bfd0-62c3eb40471a,2,wet,good,9.96,t3,0.9737,report
9a927cb5-465b-48a3-a36d-6411f5878790,2,dry,ok,3.24,t1,0.9817,dev
9aad0bb1-3d4e-430b-964f-2a8b27a20143,2,wet,good,9.9,t3,0.9536,report
9ab84f0f-1c83-4042-9497-474af8816350,1,dry,ok,9.78,t2,0.9933,report
9ad9631c-6910-4f4e-ada7-319db3a165c4,1,dry,ok,9.9,t3,0.8981,report
9aea1b03-9fc0-48c9-9e62-a6ac15633c03,2,dry,ok,9.9,t3,0.993,report
9b110ff2-f5c2-4e6e-8bb3-31f502375c7d,2,dry,ok,9.72,t2,0.9332,report
9b4f0155-35d2-4868-90e7-a61d2fa473a6,2,dry,good,9.18,t2,0.9943,report
9b8791f6-9c76-41a6-b8bf-3090c8b4609f,2,dry,good,9.78,t2,0.9853,dev
9c121206-2d76-40b1-bbd0-4b1f483adada,3,wet,good,9.9,t3,0.9553,report
9c77d63c-96a2-4f45-8b27-c8582b4d44ab,2,dry,ok,9.96,t3,0.91,report
9c9d5f33-e8e4-4483-a9ba-992fe633e486,1,wet,ok,5.04,t1,0.9391,dev
9cc34b63-1cb3-4d22-aead-be1024a22c4d,2,wet,ok,9.78,t2,0.928,report
9cefcba6-bea1-4131-a905-3d28e567344b,3,dry,good,9.72,t2,0.8518,report
9d389c55-da76-4670-b950-f5c03742d905,2,dry,good,9.6,t2,0.9674,dev
9d4a6e36-fb08-4ef4-a309-7905212f67b0,3,dry,good,9.9,t3,0.9786,dev
9d691598-b7e2-4d3b-a90a-afd4ab47abad,3,wet,good,9.9,t3,0.9869,dev
9d72542d-65e3-430c-910b-fd34a2527812,2,dry,good,4.32,t1,0.9313,report
9e0490ff-2444-488a-8c01-400b958c9875,3,wet,good,9.6,t2,0.9274,report
9e1a07c9-37a4-441a-a5a3-834b2283ae01,2,dry,ok,9.78,t2,0.8924,dev
9e2709db-b6b2-45f7-a0b2-b067e187fe3f,2,dry,good,9.24,t2,0.9979,report
9e4f4e7b-541e-4e88-80c8-458f62c12825,2,dry,good,9.72,t2,0.9705,dev
9e949ada-abdf-41f2-8d03-bbd3d1ea4754,3,dry,good,4.38,t1,0.9565,report
9ea4d87d-e60f-4a02-94be-20d345222a84,2,wet,good,5.34,t1,0.951,report
9eb6506a-17f8-40b7-968d-ee511818d50b,3,dry,ok,7.2,t1,0.9715,report
9ebf6f35-91a8-4c33-84cb-fbeec8f2f557,3,wet,good,9.78,t2,0.8664,dev
9ecb18ca-483d-400f-a049-1a078a483c50,3,dry,good,9.96,t3,0.996,dev
9f2e5d96-7ac5-4b6b-8d67-afebd051d2e1,2,dry,good,7.86,t1,0.9926,report
9f40d734-f22c-400f-abed-87c15bedc69c,2,wet,good,7.32,t1,0.9967,report
9f4770aa-245b-4264-b872-98a2c45e9f56,3,dry,good,7.44,t1,0.9926,report
9f4dfad5-c175-4a75-b3ac-cdc08e72b98c,3,dry,good,9.96,t3,0.8893,report
9f7c176a-ae7d-407a-88a2-b0ee714858d7,3,dry,good,8.16,t1,0.9804,dev
9fa0f414-5e2c-4ae7-bbbc-0330decc929e,3,wet,good,6.18,t1,0.9724,dev
9fbcfd6c-6dca-43b7-af69-91a07eaa3c3d,1,wet,poor,9.9,t3,0.9915,dev
a03baece-440f-4026-9705-4fcb2bc9e065,1,wet,poor,9.84,t2,0.9979,report
a084b953-189d-422d-a40a-b545b4f01618,3,dry,good,9.390125,t2,0.8629,dev
a08ada1f-32e6-40cf-9513-57cf411cf97d,2,dry,good,6.9,t1,0.9578,report
a08b86d5-4573-4a42-9a84-f75f5e50351a,2,dry,good,9.9,t3,0.9843,dev
a0b2c39c-8a24-4984-aa0f-009f13a700c5,2,dry,good,3.78,t1,0.9154,report
a0bd7465-ae76-40cd-903b-3591ed9595db,3,dry,good,9.9,t3,0.9907,dev
a0e0ce03-2778-46f2-8b5f-aa46c503f392,3,dry,good,7.2,t1,0.9818,report
a0f11dec-e546-4869-a284-cffeeb231c6e,1,dry,ok,9.84,t2,0.8771,report
a1182546-5e99-4ba4-b941-351c79866173,2,dry,good,9.84,t2,0.997,report
a14ac807-5cf3-44d8-acd6-830dd0d086ea,2,dry,good,3.84,t1,0.997,report
a1f69db9-81f4-4a07-9808-dd1c99053125,1,wet,ok,9.9,t3,0.9616,dev
a20c7e61-024c-491f-807c-fd01dc856bbd,1,dry,ok,9.96,t3,0.9825,report
a27768df-a3bc-4ac9-9d45-76cc25508478,2,dry,good,9.9,t3,0.9963,report
a28776b5-b876-47ac-8973-9ca280156608,1,dry,ok,3.66,t1,0.9859,report
a2990a45-ce3e-40fd-b7c6-a7e86fd92696,3,dry,good,9.6,t2,0.9934,report
a2bd77dd-61f9-494d-b6b5-306ada124f30,2,dry,ok,9.84,t2,0.9882,dev
a2c4999f-df6f-42a7-b733-3d10536b6d03,1,dry,ok,9.6,t2,0.8785,report
a2d7276b-0c33-4b83-aed9-c59d5bf3d6d0,2,dry,good,4.62,t1,0.9523,report
a3529398-f357-4c11-bec3-c2e30088df2e,2,dry,ok,9.9,t3,0.9694,dev
a3652154-abdd-4d52-98cf-cddfc1c75447,3,dry,good,5.88,t1,0.915,report
a3e8863e-e604-4d56-8dc5-9d26a198b699,3,wet,good,3.48,t1,0.9962,report
a3f71947-b7ec-4fd4-a091-987a2859d5e1,1,dry,ok,9.9,t3,0.9967,report
a40dc9a5-b433-451e-9adc-ca98a84cc1ef,2,dry,good,9.96,t3,0.8024,report
a46654b3-b91b-4f95-8a69-3dcd1d428ea0,1,dry,ok,9.84,t2,0.9948,report
a46e0dfd-f746-4fdc-9736-ceba1e74ecd1,3,dry,good,9.96,t3,0.9758,report
a4ca8568-dcc2-457a-9087-9342c5bb4a62,2,dry,good,9.36,t2,0.9201,report
a4cc4680-8bb6-4646-b9cf-d77a4e8ada21,2,dry,good,9.9,t3,0.9967,report
a5025365-abca-4ff4-a335-a692389b7553,2,wet,good,9.9,t3,0.9872,dev
a5115a55-1187-4983-b9d6-4e423d92f981,2,wet,ok,9.96,t3,0.9113,report
a521beb8-4e79-4d26-8a6a-7570afc0d8cb,2,wet,ok,9.78,t2,0.9178,dev
a583d3cc-ab0f-449a-9692-977714b3050e,2,dry,ok,9.3,t2,0.9503,report
a5aeaa95-ed25-452b-b112-62c042c21b33,2,dry,good,9.18,t2,0.9949,report
a5e352b6-3f84-4374-9551-15e14383c27b,2,dry,good,9.96,t3,0.9453,dev
a5fa8c76-d33f-491e-a515-f64ceb00a016,3,dry,good,6.84,t1,0.9865,report
a60e1682-1dda-4bc7-ab05-8e881a8b867a,2,dry,good,9.78,t2,0.9908,report
a649bd89-6584-41e5-a251-033caa07d08a,3,wet,good,4.32,t1,0.9114,report
a64fcfe4-90bd-4128-a5f4-28f2085995e8,3,wet,ok,9.84,t2,0.8988,report
a664172f-6df4-44db-bfd4-c735f1edc3e6,1,dry,ok,3.84,t1,0.9735,report
a6645b1d-dadc-4258-b03b-c5b3f05d519d,3,wet,good,9.9,t3,0.9902,report
a670d7c4-b813-4c4b-8176-07f8a10cf1be,1,dry,ok,4.74,t1,0.9806,report
a68ab20d-545c-4f17-9c46-05d7ee8fabba,3,dry,good,9.96,t3,0.9923,report
a6c4aa4b-eaa9-457f-a077-98eba5b8ad0e,2,dry,good,9.54,t2,0.9417,dev
a75adc66-7f70-4f0f-91f7-7a2a2eac61e9,1,dry,ok,9.6,t2,0.8267,report
a75adc66-7f70-4f0f-91f7-7a2a2eac61e9,2,dry,ok,9.6,t2,0.8267,report
a75adc66-7f70-4f0f-91f7-7a2a2eac61e9,3,dry,good,9.6,t2,0.8267,report
a7b2afe9-4067-4ab2-8d9f-1d52008586e5,2,dry,good,9.6,t2,0.8562,dev
a8b75ca3-e846-415b-809b-5a7c2c9024eb,3,wet,good,9.96,t3,0.9748,dev
a8eeb6e9-2034-4c15-8fea-525fdfb3ef3c,2,dry,ok,9.9,t3,0.9369,report
a8f42af5-1584-4411-9727-b23977374d14,1,dry,ok,9.18,t2,0.9818,report
a9108704-75af-4d2c-afb2-5c8ca33cb9e0,1,dry,ok,3.12,t1,0.9622,report
a97f2838-d416-4267-b41a-26f9cae46c62,2,dry,good,5.16,t1,0.8404,report
a9910dca-8898-4eed-90ed-1371a22c64e6,2,wet,good,5.16,t1,0.9573,dev
aa059172-1850-4afe-8809-2fe79603286a,1,dry,ok,9.84,t2,0.9961,dev
aa059172-1850-4afe-8809-2fe79603286a,2,dry,ok,9.84,t2,0.9961,dev
aa059172-1850-4afe-8809-2fe79603286a,3,dry,good,9.84,t2,0.9961,dev
aa4877b2-4820-422b-affe-c3d31c1fc70a,2,dry,poor,6.12,t1,0.9877,report
aa697a0c-34a2-4257-b1d8-1ebf5dee5be8,1,dry,ok,9.9,t3,0.9728,dev
aa75a033-7295-488d-98d8-dd702ca9d5a7,3,dry,good,9.96,t3,0.9584,report
aa78817e-f5e3-470b-b516-6006c59fb1fa,2,wet,ok,9.9,t3,0.885,report
ab5f091d-dfc6-4477-b584-ad2a8c1e804e,2,dry,good,6.6,t1,0.9147,report
ab77c2d6-edf7-4368-8cb1-5d8f1b928cef,3,dry,good,9.84,t2,0.9939,report
abb11855-0da7-468d-844b-91a228cd3eed,1,dry,ok,9.96,t3,0.966,report
abbff660-5d13-4c31-b842-bbf2189ff14e,3,wet,good,9.78,t2,0.9912,dev
ac4ea2db-4fff-4a7f-a5fe-3a9ade2f1020,3,dry,good,9.84,t2,0.9973,report
acd3adc4-4f5c-4144-8dd6-3ea2063845db,3,dry,good,9.72,t2,0.8326,dev
ad1e2b4d-c00a-4eb8-ba61-702a4c3844a1,1,dry,ok,5.34,t1,0.8758,report
ad4e4752-2168-4138-a5b8-a07c0332a921,2,dry,good,7.8,t1,0.998,report
ada1def9-7e36-4d4e-8e3e-e678afee4185,1,dry,ok,9.84,t2,0.9393,report
ada1def9-7e36-4d4e-8e3e-e678afee4185,2,dry,good,9.84,t2,0.9393,report
ada1def9-7e36-4d4e-8e3e-e678afee4185,3,dry,good,9.84,t2,0.9393,report
adc24bde-023b-457e-9be7-9fadbad0b155,2,dry,good,9.9,t3,0.9461,report
add43c2c-298b-421f-86f1-d69bfab218e2,3,wet,good,9.84,t2,0.9679,report
adddfa9b-c016-4e58-8275-308501fc13d9,3,dry,good,9.9,t3,0.826,dev
adea88c2-6fdb-4bf4-a62d-931c3a674f97,2,dry,good,9.96,t3,0.9278,report
adf406f5-b1bc-432a-ae5a-78c52fc95292,3,dry,good,9.78,t2,0.9628,dev
ae0381a3-914d-42a2-8d3c-58a45db1be36,1,wet,ok,6.12,t1,0.9734,report
ae05888f-fab3-4754-a98c-c3e76c82504d,1,wet,ok,6.78,t1,0.9927,report
ae18328e-da30-4137-a717-a718ffe2412e,1,dry,ok,9.96,t3,0.9786,report
ae18328e-da30-4137-a717-a718ffe2412e,2,dry,ok,9.96,t3,0.9786,report
ae18328e-da30-4137-a717-a718ffe2412e,3,dry,good,9.96,t3,0.9786,report
ae321315-0798-4b11-a088-a2acdd099ffc,1,wet,ok,9.78,t2,0.9942,dev
ae4b17b8-7b3f-434a-a894-d4257c7394f5,3,dry,good,3.3,t1,0.8763,dev
ae5570c6-766e-4e22-bcd3-a7ab006d5d82,3,dry,good,9.9,t3,0.8977,report
ae7d06f1-2f0e-4fee-a080-76084ab5bb86,1,wet,ok,9.84,t2,0.9939,report
ae9ae0a2-f646-4f2d-a8d2-050d71fc3a29,1,dry,ok,9.54,t2,0.9968,report
aeb567c4-529c-43c7-9075-21537e836d4d,2,dry,good,9.72,t2,0.9914,report
aeded0cd-89ff-43d3-86f2-4ae7bc4fbb56,3,dry,good,5.46,t1,0.9692,report
af293f75-3cc9-4c0a-b678-f0f508f65439,3,dry,good,9.78,t2,0.9386,dev
af511c3d-614c-4b89-abcf-8c9f9d2f9f3f,1,wet,ok,9.9,t3,0.9878,report
af89b4c6-a942-4dbd-9efb-cc0ae79a9acf,3,dry,good,9.78,t2,0.9711,report
afdcc1b1-befc-4eac-bf4b-328a7a21261e,2,dry,good,4.98,t1,0.9743,report
b05935c3-68d7-4a28-aea9-f92fbe295c6c,2,dry,ok,9.78,t2,0.9476,report
b05935c3-68d7-4a28-aea9-f92fbe295c6c,3,dry,good,9.78,t2,0.9476,report
b0594260-0767-4564-9792-ec1dac2149ae,2,dry,good,9.9,t3,0.9967,report
b07782ac-d2f7-4c46-bd5a-045e715d20a3,2,dry,good,5.4,t1,0.9742,dev
b235a516-97d4-4a64-91dc-f85f31f50deb,1,dry,ok,5.94,t1,0.9802,report
b26b3150-4026-442d-b1ac-6b3ab2a991b3,1,dry,good,9.96,t3,0.9098,report
b2767c1a-d2a6-4d6d-8108-a2772ed19f7f,2,dry,ok,6.54,t1,0.9178,report
b2880c03-b9df-4fab-b2cf-a82eb3ab97f8,2,dry,ok,7.86,t1,0.9784,report
b2b52448-2ff5-4aa3-a43d-a4e3711d85bb,1,dry,ok,9.96,t3,0.9955,dev
b2caeb04-59dd-4f72-9bd1-b3f7e4b93c39,2,dry,good,9.72,t2,0.9971,report
b2cb680f-2b1f-4daf-824c-c83952cd639c,1,dry,ok,9.96,t3,0.8312,report
b2e9cb14-17c6-42ca-8503-5a0a3ff80b3c,3,dry,good,4.8,t1,0.9941,report
b2f44fa1-bf02-421f-afaf-9c19de73caf9,1,wet,ok,9.96,t3,0.92,dev
b300ba99-adb0-4005-8292-e3ee5134a5a6,1,dry,ok,4.74,t1,0.805,report
b349c0bf-5c56-4ee5-9d0d-d050d8dd9ab6,3,dry,good,9.84,t2,0.9416,report
b374149f-cdc9-4865-9151-e229bb0ab98b,2,dry,good,9.12,t2,0.994,report
b37a051e-c2b0-4f38-9b12-51652c511d03,3,dry,good,9.9,t3,0.9487,dev
b3889822-bf4c-4655-8d72-69593a4abda4,2,dry,good,9.96,t3,0.9834,report
b38dbe54-b3c1-448e-bf03-92cdf214932d,1,dry,ok,9.84,t2,0.9026,report
b38e69f2-01f9-47ac-b94f-cf7b5eb764b3,3,dry,good,9.9,t3,0.9823,dev
b392ae80-f91a-4a78-bad3-2e8a8c8130d2,3,wet,good,6.06,t1,0.9917,dev
b3e0dc79-0457-4a79-83ce-810e36215ffd,3,wet,good,6.36,t1,0.9743,dev
b408553b-befa-4a28-ab99-a10bb23384fc,1,dry,ok,9.84,t2,0.9552,report
b4538358-d704-49f4-81a6-2888dfc4b309,1,dry,ok,9.9,t3,0.9947,report
b46dc541-8b50-4f9b-b22a-761e144f88d9,3,dry,good,2.46,t1,0.9329,report
b48cf8a8-5988-40ec-a036-198d093d13a4,3,dry,good,9.3,t2,0.9582,report
b492f127-ee29-4a55-b479-80e5e3a8a66a,1,dry,ok,4.14,t1,0.9956,report
b4a77f9e-b9cc-4dc6-ada3-48890a4951c4,1,dry,ok,7.32,t1,0.9797,dev
b4cb0e7d-ee40-4088-8e82-21a910caa86a,1,wet,ok,3.0,t1,0.9516,dev
b4d64d96-8bf9-413d-a165-e6deed6c4dba,2,dry,good,9.96,t3,0.9159,dev
b50f238c-3493-4782-b1e3-9c76f751d9e5,1,dry,ok,7.38,t1,0.9914,report
b5808d67-b898-4d8b-b74c-6d3ef7085be4,2,dry,good,7.2,t1,0.9929,report
b5880de4-b63e-4b27-9a51-35a5a6667af3,1,dry,ok,9.9,t3,0.8752,dev
b5a3b275-3ca6-4eac-beba-311d612086a6,3,wet,good,9.84,t2,0.9918,report
b5e4d3ec-457e-4a39-8ae7-5b86368c1104,3,dry,good,8.64,t1,0.986,report
b5ec57dd-28bb-428d-a420-6617f7749a9a,2,dry,good,5.4,t1,0.8599,report
b60e7ee3-64c2-4982-8212-750b4dbe8c66,3,wet,good,9.78,t2,0.9969,dev
b618923d-796d-4adb-ae9e-266ab08f1249,1,dry,ok,5.16,t1,0.9594,dev
b618923d-796d-4adb-ae9e-266ab08f1249,2,dry,good,5.16,t1,0.9594,dev
b618923d-796d-4adb-ae9e-266ab08f1249,3,dry,good,5.16,t1,0.9594,dev
b64268eb-bac6-47d4-8b21-9953c45e315d,2,dry,good,9.72,t2,0.9226,dev
b66ea1a8-a46f-4890-8b1f-91c5841bfc99,2,dry,good,3.72,t1,0.987,report
b66ea1a8-a46f-4890-8b1f-91c5841bfc99,3,wet,good,3.72,t1,0.987,report
b689a94c-70d7-4fec-a237-b5ded63ca518,3,wet,good,8.04,t1,0.9989,report
b694763f-70c6-4f29-bb00-0e8d7d7c9a0f,2,dry,ok,9.9,t3,0.8688,report
b6ad6b8e-d647-4a31-a414-3c79a1006e80,1,dry,ok,9.96,t3,0.9649,report
b6cab2e1-4f1c-47e7-91e0-97fb9118d890,3,dry,good,9.96,t3,0.9856,report
b74176fe-cc78-4daa-8541-10ba8968439d,3,dry,good,5.88,t1,0.9942,dev
b768c79d-32bc-423a-b592-da360cb02ed2,3,wet,good,9.9,t3,0.9962,dev
b77585a8-543a-4757-92a6-5465ee1284af,3,wet,good,9.78,t2,0.965,dev
b7a3e1a0-9b7c-41fd-babe-ff77f4c2ad2a,2,dry,good,9.36,t2,0.9512,dev
b7b6a650-3276-43fb-90b1-73134b483fb6,2,dry,good,6.24,t1,0.9329,dev
b7b6a650-3276-43fb-90b1-73134b483fb6,3,wet,good,6.24,t1,0.9329,dev
b7dc909a-c1e6-4c75-b312-060b1ff136e0,1,dry,ok,9.96,t3,0.8671,report
b85b1740-e5d1-4fac-9749-54acdbbc1b97,1,dry,ok,9.84,t2,0.9821,dev
b8738fc2-42d8-460e-97aa-ee731e15b21d,2,dry,good,9.54,t2,0.969,report
b97f011c-062b-4fdd-a65d-4f1d8ab1bd09,3,dry,good,9.78,t2,0.9914,report
b9a0045a-0f0b-479c-8771-3624068003d8,1,dry,ok,9.9,t3,0.9625,report
ba5ade2c-45fc-41e5-b111-86c08ea8609b,2,dry,good,9.18,t2,0.9925,report
bab59cef-c297-42f0-9c47-1371e791ea7b,2,dry,good,5.28,t1,0.9929,dev
bae0c88f-852c-4f3f-8141-d037c777459e,1,dry,ok,9.96,t3,0.9802,report
bae0c88f-852c-4f3f-8141-d037c777459e,2,dry,good,9.96,t3,0.9802,report
bae0c88f-852c-4f3f-8141-d037c777459e,3,dry,good,9.96,t3,0.9802,report
bb17ca61-9aa8-45d2-9b3e-52c53965641f,2,dry,good,9.36,t2,0.9957,dev
bb5fd4d8-a36d-4918-931f-c6bd2adcc20d,3,dry,good,9.36,t2,0.9687,report
bb825a76-02ce-4a02-a001-7ae1a05d5bb8,2,wet,good,9.54,t2,0.9951,report
bb84b88b-acd0-4975-8d43-0d0ebbf071f3,3,wet,good,9.72,t2,0.9946,report
bb9766af-74b9-4533-ac93-e0d75f7bd7ba,1,dry,ok,9.84,t2,0.9912,report
bb9766af-74b9-4533-ac93-e0d75f7bd7ba,2,dry,good,9.84,t2,0.9912,report
bb9766af-74b9-4533-ac93-e0d75f7bd7ba,3,dry,good,9.84,t2,0.9912,report
bb9cd351-d75d-4bd6-9140-7f88a8209871,3,dry,good,9.84,t2,0.9262,report
bc048378-1d7f-44ed-a8a8-e2ce7d0a56ae,2,wet,ok,4.38,t1,0.9636,report
bc24d4d9-b66b-4429-8228-6645de25622f,1,dry,ok,7.2,t1,0.9836,report
bc27b4fb-a820-4296-a776-0f0943ba1455,1,dry,ok,9.96,t3,0.97,dev
bc74e39c-ab99-475d-932c-289473b9de54,3,wet,good,8.46,t1,0.8289,dev
bcb56997-8193-4fbb-9b15-8fcaa5fba53b,2,dry,good,9.84,t2,0.9292,report
bcb90b43-185a-4420-a4ca-dafe8f914682,1,dry,ok,9.9,t3,0.8018,dev
bcc118e3-39f2-45f9-8dae-46650d962729,3,wet,ok,9.9,t3,0.9901,report
bce328d8-acfe-4cc9-bc60-e7934f3e6e5f,2,wet,good,9.9,t3,0.9854,report
bcf8e484-3423-4654-83e5-8188ef14e73f,1,dry,ok,5.34,t1,0.9731,report
bcf8e484-3423-4654-83e5-8188ef14e73f,2,dry,good,5.34,t1,0.9731,report
bcf8e484-3423-4654-83e5-8188ef14e73f,3,dry,good,5.34,t1,0.9731,report
bd132860-47c0-4ada-ab34-fa8b6b551685,3,wet,good,9.96,t3,0.9758,dev
bd14922a-f88e-4b99-a338-360789a40b69,3,wet,good,4.38,t1,0.9925,report
bd205be0-24a4-4a28-8262-30bc14bf1faa,1,dry,ok,6.78,t1,0.9373,report
bd3f28af-fb51-4867-b4ce-b56a6b17a79b,3,dry,good,9.96,t3,0.9526,report
bd64a8e8-ad6e-4062-8e99-99ef5caab05b,3,wet,good,6.66,t1,0.9809,report
bdd15ab3-7347-4a29-b5f2-6a63f70bfe6a,2,wet,good,2.7,t1,0.9742,report
bde99a5c-a804-4daf-a4d5-897fb72d5060,1,dry,ok,3.06,t1,0.8553,dev
be265d6b-9bc3-4499-a099-940ad4479dde,3,dry,good,4.2,t1,0.9467,report
be2d9024-401a-42a0-91fd-194567b1d4c1,2,dry,ok,9.9,t3,0.953,report
be48c56b-4a96-43f7-b45c-46d9c0dfd909,1,dry,ok,3.36,t1,0.9748,report
be48c56b-4a96-43f7-b45c-46d9c0dfd909,2,dry,good,3.36,t1,0.9748,report
be48c56b-4a96-43f7-b45c-46d9c0dfd909,3,dry,good,3.36,t1,0.9748,report
be53aed3-5771-4cb6-af3b-1c95dfed2ae5,2,dry,good,9.72,t2,0.9987,report
be5f63f3-2be9-448b-b57e-fa118eddc2e2,1,dry,ok,9.78,t2,0.9417,report
be61b105-27d2-451e-be22-bea152a7d2b7,1,dry,ok,9.9,t3,0.9905,report
be8a660f-d3d7-40c5-8b17-2b080c28790c,1,dry,ok,9.96,t3,0.9264,dev
be920126-b1e2-4117-84e2-461b2230e46e,2,dry,ok,10.02,t3,0.8013,dev
be9d7901-a0ae-4ef1-83f6-d58c5263cd96,2,dry,good,4.8,t1,0.9402,report
beb10920-1bf0-42af-ada7-b73e73919bfa,2,dry,good,4.2,t1,0.8099,report
bec8de9b-7bf3-400e-bd0b-6f08a5f64339,1,dry,ok,3.42,t1,0.9688,report
becfc635-5837-477f-9307-5a1ff0f8a054,2,dry,good,2.34,t1,0.8316,report
bee44bec-7d9e-4618-b2a5-8057627489ff,1,dry,ok,5.88,t1,0.9754,dev
bf4ca169-aab4-466f-8e14-63631e0b3ea0,2,dry,ok,9.9,t3,0.9674,report
bf7f0dd3-eaef-4912-8edc-c919fd98df62,2,dry,ok,9.78,t2,0.9955,report
bf8e9236-0d63-46ed-9855-38a1074c2121,3,wet,good,9.9,t3,0.9497,report
bf990e0e-bbf6-4233-8578-e77aea74a3b1,2,dry,good,10.08,t3,0.9935,dev
bfa6b379-56e3-4144-ac7c-17d7269e9865,2,dry,ok,9.84,t2,0.9566,report
c07875ca-5e1a-4263-9a47-4c06f2b0fbe3,2,dry,good,5.88,t1,0.9888,report
c08b63bb-8c1a-45bf-937e-ef7381b1b731,3,dry,good,9.84,t2,0.9816,report
c0a97228-1fdd-4d87-bdcc-ce8b835ffdd2,3,wet,good,9.84,t2,0.84,dev
c0d601d9-53bc-40d6-b514-95d803f1df02,3,dry,good,9.72,t2,0.9766,report
c1281451-b74b-4659-beb7-11669297e022,2,dry,good,6.24,t1,0.9946,report
c1371e45-804a-42fc-a3f9-5e66d4dc0a23,1,wet,ok,9.84,t2,0.997,dev
c1371e45-804a-42fc-a3f9-5e66d4dc0a23,2,dry,good,9.84,t2,0.997,dev
c1371e45-804a-42fc-a3f9-5e66d4dc0a23,3,wet,good,9.84,t2,0.997,dev
c16f96bf-dc05-445b-aed6-5758aa0ec5c8,3,dry,good,9.78,t2,0.9878,dev
c18be4ba-eaa8-487a-9343-2c45af6c60aa,3,dry,good,9.96,t3,0.8008,report
c1d86c76-5622-4dbb-9da1-65aebf6a0f0b,1,wet,ok,9.9,t3,0.8744,dev
c233a7a1-c6d8-4f5f-8f87-bfd180c6d32e,2,dry,good,9.6,t2,0.9896,report
c2795c09-691f-421d-87eb-60d11ef0a776,2,dry,good,9.66,t2,0.9297,report
c2925320-df66-4a25-8309-3f1cca3dc37e,1,dry,ok,5.94,t1,0.9896,dev
c29f01d2-870f-4aac-94ec-3699fc0ee32a,2,dry,good,9.9,t3,0.9846,report
c2d24716-5e15-4066-855a-2a0c0b7566f6,1,dry,ok,9.78,t2,0.9679,report
c2fc880a-7b05-4c36-affe-5ffe03dbc2b4,1,dry,ok,5.4,t1,0.9966,dev
c3174535-aaef-4c26-b0b5-a38996e54763,2,wet,good,3.18,t1,0.9425,report
c3382b37-9f19-4379-b488-68f636a6c684,1,dry,ok,9.96,t3,0.9763,report
c3382b37-9f19-4379-b488-68f636a6c684,2,dry,good,9.96,t3,0.9763,report
c3382b37-9f19-4379-b488-68f636a6c684,3,dry,good,9.96,t3,0.9763,report
c34d6285-a7d7-4357-9036-cb4a5caec6f6,1,dry,ok,9.9,t3,0.9931,report
c34dae42-797d-41cd-815d-b10d23d8844d,2,wet,ok,8.58,t1,0.9485,report
c35098aa-e1d0-41f2-94b3-38e98f389c9f,1,dry,ok,7.2,t1,0.9714,report
c36e8c36-3dfb-4ffd-98e2-118b6d58febf,1,dry,ok,6.72,t1,0.8786,report
c3bcea97-1dfc-4978-88a2-654bd8303244,3,wet,good,9.78,t2,0.9572,dev
c3c69ce2-8617-4329-8f39-7f7b16daafed,3,wet,good,9.84,t2,0.9792,report
c3cec81d-ff60-4b2b-a3ba-9ff86f268ea2,3,dry,ok,9.78,t2,0.9421,report
c3d0135b-83ef-4aba-b98c-2c8fe50ffeff,2,dry,good,9.96,t3,0.9841,dev
c4393c6c-412f-4f55-b417-9325337295c1,2,dry,good,9.6,t2,0.9522,report
c4961eda-91f5-4fbc-bd90-92f56f7f4deb,1,dry,ok,5.46,t1,0.9235,report
c5260e7e-c927-464a-8946-bf1559afa0cf,1,dry,ok,9.9,t3,0.9896,report
c52f9edf-409b-46dc-8d99-b0b6e0e3a336,3,wet,good,4.74,t1,0.9388,report
c54e2543-7e25-4a57-83fe-6b227220d00c,2,dry,good,9.9,t3,0.9829,report
c55e4ac5-03f1-4432-ada6-be2c30e76bcb,2,dry,good,9.78,t2,0.9901,report
c5868d6c-a411-4f12-b563-0a418224c376,2,dry,ok,9.96,t3,0.9747,report
c591e11e-6fdb-4685-8ae1-44576d877831,1,dry,ok,9.9,t3,0.9523,dev
c5a4c854-9d78-4615-9fdd-519e547e972f,1,dry,good,7.38,t1,0.9973,report
c5f4b9fe-04cd-441b-801f-ae24db6b2fc7,2,dry,good,9.9,t3,0.9624,report
c62a7d17-49e8-4f21-b862-230c26335e4f,3,dry,good,4.98,t1,0.9407,report
c66b8483-8310-437c-9e6d-ab3fc0aa5e98,3,dry,good,5.34,t1,0.9964,dev
c67bffd4-1620-4f80-9b40-5661d595a5a0,1,wet,ok,9.9,t3,0.99,report
c6d2eece-2c2b-4192-939e-0096ad9e3332,3,dry,good,9.96,t3,0.9915,report
c6f428ef-5e9e-4ee9-ac88-aa50b5d435ad,3,dry,good,9.9,t3,0.9881,report
c70a2941-2013-443e-85c3-4996a4886e2c,3,dry,good,9.84,t2,0.9847,report
c723aaaa-0712-4673-80c5-0ddd96a76196,2,dry,good,7.5,t1,0.9962,dev
c7385617-fe9a-4aa9-b609-0128789e3709,3,wet,good,9.6,t2,0.997,dev
c73c0e08-c880-4f04-a432-150d9c955b0c,1,wet,ok,9.06,t2,0.9953,report
c776e24b-6f36-4b9a-b104-fb0a6d617854,2,dry,ok,9.72,t2,0.9792,report
c7aebd2e-f4d8-4af7-82f5-f0d71f93cae2,3,wet,good,6.42,t1,0.9607,report
c8983507-264a-4bbb-8926-8a06afb36bff,1,dry,ok,9.36,t2,0.9655,report
c91f0ba5-6d0e-415a-a27f-b9753d758533,3,dry,ok,9.9,t3,0.9586,report
c91f755a-e37e-4106-a90a-bb0672fdfd24,2,dry,ok,6.48,t1,0.9729,report
c941e62c-e260-4ee9-959e-af91663ac58c,1,dry,ok,9.3,t2,0.9942,report
c941e62c-e260-4ee9-959e-af91663ac58c,2,dry,good,9.3,t2,0.9942,report
c941e62c-e260-4ee9-959e-af91663ac58c,3,dry,good,9.3,t2,0.9942,report
c961a082-77cf-412a-ba8a-66fff0b7bc82,2,dry,ok,9.96,t3,0.8523,report
c9c4445b-fbd3-4f4d-9ca2-282a669d79c4,2,dry,good,9.84,t2,0.9593,report
c9fa0d4d-76d1-41c4-863c-b83bb8908140,1,dry,ok,9.6,t2,0.9903,report
c9fa0d4d-76d1-41c4-863c-b83bb8908140,2,dry,ok,9.6,t2,0.9903,report
c9fa0d4d-76d1-41c4-863c-b83bb8908140,3,dry,good,9.6,t2,0.9903,report
ca8d6795-2841-48a0-9d9b-9e00f9e866c3,2,dry,good,9.84,t2,0.9846,report
cab3fcff-7d53-4f0e-8e81-5b537b268657,1,wet,ok,9.78,t2,0.9672,report
caf07708-037e-44b8-b4f9-abeb76b237f2,1,dry,ok,5.22,t1,0.9894,dev
caf4e7ea-513a-4f81-941a-56e28c49fb6d,2,dry,poor,9.54,t2,0.8724,report
cb513153-e832-4d97-b1dc-23e45c572435,1,dry,ok,6.54,t1,0.9783,dev
cb89e13c-f7b9-4277-8529-85385032e6b2,1,dry,ok,2.7,t1,0.8407,report
cb89e13c-f7b9-4277-8529-85385032e6b2,2,dry,good,2.7,t1,0.8407,report
cb89e13c-f7b9-4277-8529-85385032e6b2,3,dry,good,2.7,t1,0.8407,report
cba605e5-ddfc-498a-afee-4c8fc964863d,3,dry,good,4.86,t1,0.9187,report
cbdd4f1b-a67e-46e3-8f1a-a52da5689294,3,wet,good,9.9,t3,0.8113,report
cbe792ac-397c-4b38-91d3-043fef882f90,1,dry,ok,9.66,t2,0.9303,dev
cbfd3865-b0fe-4f54-86ba-d93c47feeb2f,3,dry,good,8.52,t1,0.9922,report
cc0bc8c7-eb1b-4290-8f64-58c4fe25c58e,2,dry,good,9.42,t2,0.9729,dev
cc47f830-9785-4651-9756-cde2f39fb494,3,wet,good,9.9,t3,0.9857,report
cc5b8aa6-355a-4f4c-bc88-4f1d5bafc5ad,2,wet,good,9.96,t3,0.9968,report
ccdb32af-58f4-4718-9f6e-eec7e0020382,2,wet,good,9.78,t2,0.9945,report
ccdb32af-58f4-4718-9f6e-eec7e0020382,3,wet,good,9.78,t2,0.9945,report
ccdfd92d-e6f1-42ce-8781-ff6d04f7f628,1,dry,ok,9.96,t3,0.9874,dev
cce1d2cc-0c32-4dc3-bdf8-67c330c8758d,3,wet,good,5.7,t1,0.9821,report
cd2970a6-ff70-473b-868b-20133b47ed74,1,dry,ok,9.9,t3,0.9856,report
cd63091b-d9e3-4ff9-a6f0-c2c0b9d65790,3,dry,good,9.9,t3,0.8746,report
cd70f9b7-5ea5-403c-aff7-4804663bfbf6,3,wet,good,6.36,t1,0.9777,report
ce0c319b-da2c-4f90-9050-108a8156acb5,2,dry,ok,9.06,t2,0.9802,report
ce2634a4-1ad5-4e79-bb90-905c03e52afb,2,dry,ok,9.78,t2,0.8929,report
ce468c06-5a71-4498-8b0d-4d75551094b3,1,dry,ok,3.18,t1,0.9259,report
ce7114e2-e1eb-426a-a309-c76332709c1d,3,dry,good,9.78,t2,0.968,report
ceedfac8-9acb-4a08-97de-5fead70cd19e,3,wet,good,8.46,t1,0.9235,report
cf16794b-0a6a-4c43-8785-227bf882d277,3,dry,good,7.26,t1,0.997,report
cf59244a-576d-471e-b853-9871be627fa8,2,wet,ok,9.72,t2,0.9839,report
cf701e11-d828-45d4-ad04-ceceb7920886,1,dry,good,7.68,t1,0.9944,report
cf97b7f8-de05-47f8-8a3c-d3ec1672d25f,3,dry,good,9.18,t2,0.9832,report
cfbda12e-fdc6-4749-a7ec-3a81c3106317,3,dry,good,9.9,t3,0.9683,report
d009cf2d-59a1-4e33-8071-22f5018bd098,3,dry,good,9.78,t2,0.9784,report
d0900d06-18dd-4fa9-94a7-7dc1e4d0f125,1,dry,good,8.76,t1,0.9906,report
d0a4cbf7-263d-49f1-978d-8cf767546e3c,2,wet,good,9.9,t3,0.9944,report
d0d4e84a-3692-46e2-a168-463896fb9d31,2,dry,ok,9.78,t2,0.9842,report
d0eec145-0080-4dab-b0bb-a22656bb81ed,2,dry,ok,5.64,t1,0.9109,report
d101742f-52a3-4ed3-a4bb-46f65d02fc2a,2,dry,good,9.9,t3,0.9949,dev
d11e501c-6f48-4028-8198-9075c67ce238,3,wet,good,9.84,t2,0.99,report
d1a21158-7a3b-4313-8fc3-0472b257b4c7,2,dry,good,9.78,t2,0.9829,dev
d1c5cabc-edf9-4244-9ba4-a379bf154e29,3,dry,good,9.84,t2,0.9824,report
d2728113-e256-436c-a7be-b3e846ada715,3,wet,good,6.24,t1,0.9217,dev
d27e741d-a621-46f1-b121-c2ea3f8b8a94,2,dry,good,5.22,t1,0.998,report
d293ce7d-1898-4c66-bfd2-c3c329e82408,3,dry,good,9.96,t3,0.9715,dev
d2a55629-24e2-4460-8a0a-b7065927ee07,2,dry,good,9.9,t3,0.9962,report
d2c91dbb-f9d3-4d93-ac4d-1b0245631c82,1,dry,ok,9.78,t2,0.8821,report
d36b2344-52ea-4ba3-ba59-342ad523a675,2,dry,good,9.96,t3,0.9819,dev
d3ea88bd-d578-44dd-aadd-391f8559bdc5,3,dry,good,9.96,t3,0.9797,report
d474b19c-bc88-4c58-8cfc-5bca2308077c,1,dry,ok,9.96,t3,0.9956,report
d4e4b900-939e-48e9-ad9f-bf9eee425303,3,wet,good,3.18,t1,0.9824,report
d50fb043-08aa-4960-94f7-e9bbc690e70d,3,wet,good,9.78,t2,0.9637,dev
d551a262-676b-4856-ae36-5b6334c6b586,2,dry,good,4.5,t1,0.9953,dev
d57e15cf-e837-4e9e-a777-c3ee24fcb72b,1,dry,ok,9.72,t2,0.9601,report
d5908fa3-9410-4f60-ba27-a57cace776ae,2,wet,ok,9.6,t2,0.8197,dev
d5a1411d-d312-44b1-a37d-a387ec13df1a,1,dry,ok,5.4,t1,0.9209,dev
d5a1411d-d312-44b1-a37d-a387ec13df1a,2,dry,good,5.4,t1,0.9209,dev
d5a1411d-d312-44b1-a37d-a387ec13df1a,3,dry,good,5.4,t1,0.9209,dev
d5c506d9-9b17-4886-b5b3-999f8ee8060a,3,dry,good,9.84,t2,0.9911,report
d5e9a1af-2571-40f7-99c7-77cfe71657c5,2,dry,ok,9.6,t2,0.9965,report
d66c93d7-6aac-4876-9252-66d9bf26323f,2,dry,good,4.02,t1,0.9224,report
d6d428e1-3829-41e9-aa09-5f05e5eb058b,1,dry,ok,10.02,t3,0.9901,report
d6de71ae-5b92-4a91-a656-bd0d33fa6189,1,dry,poor,9.9,t3,0.9815,dev
d6f624cb-757b-441c-bf5f-e22dc914277b,1,dry,ok,9.78,t2,0.8468,report
d70f7518-e3e8-46f3-a4fe-fa43363f16ca,2,dry,ok,2.34,t1,0.838,report
d769f90f-8183-4c42-8ea6-cf992ee40a64,2,dry,ok,9.78,t2,0.8223,report
d769f90f-8183-4c42-8ea6-cf992ee40a64,3,dry,good,9.78,t2,0.8223,report
d789e459-6db1-4481-af44-db7427304108,2,dry,ok,9.78,t2,0.9452,report
d78b572d-ec2a-420c-9a0c-f3c4e9d89da3,1,dry,ok,9.84,t2,0.9877,report
d7f614a8-8661-47dd-ad5b-97f23e5808e9,2,wet,ok,9.72,t2,0.9605,dev
d801aaa2-a086-4213-a552-7dd6fbf53943,2,dry,ok,9.54,t2,0.8788,report
d81285fa-a717-47d7-8eea-e25aa65439f0,3,dry,good,5.34,t1,0.8189,report
d81adbaa-3240-4f17-85c7-e523292d7ac0,3,dry,good,9.9,t3,0.9358,report
d8660e7e-fc21-4583-9c37-4e9ca911ad17,3,dry,good,4.14,t1,0.9491,report
d8dd429e-db29-4389-96a3-e68e6d8a6b77,3,dry,good,4.86,t1,0.8294,dev
d8fc622d-69af-4433-9f5d-e885f50966f9,3,dry,good,9.72,t2,0.9217,report
d910ef6f-6f27-4e94-9f70-33469431e341,2,wet,ok,9.84,t2,0.9341,report
d92e70af-5bec-4d14-a60e-5a3806e24e75,2,dry,ok,6.48,t1,0.9931,report
d93b74aa-faed-4737-9d5e-540e0fbdb961,3,dry,good,4.14,t1,0.9782,report
d9b4a30f-682d-4889-b65f-b359f4ebc74d,1,wet,ok,9.9,t3,0.9101,report
d9b4a30f-682d-4889-b65f-b359f4ebc74d,2,wet,ok,9.9,t3,0.9101,report
d9b4a30f-682d-4889-b65f-b359f4ebc74d,3,wet,good,9.9,t3,0.9101,report
d9df9ee0-aa06-4c4c-953d-939a6a8b6a8e,3,wet,good,9.78,t2,0.9737,report
da1428b5-d5e2-4f78-8371-d7ac4316baea,1,dry,ok,6.66,t1,0.8949,report
da1fad02-0141-4cbb-96bd-408bad5641b0,2,dry,poor,2.1,t1,0.9757,report
dabd8101-b56b-40cd-84c6-169b7f8c6fbc,3,wet,good,7.14,t1,0.9843,report
dacc51e7-099f-48b3-9462-d9ef5c8c9d3d,2,dry,ok,9.84,t2,0.9652,report
db0a337d-5bfb-41a7-980a-7516a8afb3ab,2,dry,good,9.84,t2,0.9813,report
dbc6f669-469e-4306-acdc-f46039006148,3,dry,good,9.72,t2,0.8299,report
dc17e768-40f6-462e-99ad-80292586ac3a,3,dry,good,9.3,t2,0.9896,dev
dc2d0ff1-8f06-4deb-a95f-bdac66488319,3,dry,good,6.06,t1,0.9817,dev
dc52c21c-6602-44ef-b982-9771f4fb76c1,2,dry,good,9.9,t3,0.9898,report
dc58218c-f021-4ec8-85ed-04ad4004ae92,1,dry,ok,5.52,t1,0.9864,report
dc994f21-ea5e-4236-bc48-2fd980feb2f8,2,wet,ok,9.78,t2,0.868,report
dcb7cded-c3bf-4835-9f1f-efac118a40c1,2,dry,good,5.34,t1,0.9133,report
dccd10ed-751e-462c-9513-340d89510ea6,2,wet,good,9.9,t3,0.9902,report
dcd6359c-4fbc-44ea-93b0-f1da55eb3a75,2,dry,good,9.72,t2,0.9951,report
dd3e8166-0375-4882-b037-add3a813f84f,2,dry,ok,9.6,t2,0.8056,report
dd489c88-affc-4142-ac56-752c3a433991,2,dry,ok,9.84,t2,0.9453,dev
dd5cd67a-68c9-4c8c-8eef-4925989ecb98,2,dry,good,9.9,t3,0.9901,dev
dd774ccf-3980-4eda-90d9-aa2fa57bde32,1,dry,ok,3.42,t1,0.9632,report
dd7e32e6-a949-4c92-a5b1-628edbb65144,1,dry,ok,7.02,t1,0.9715,report
dddb1a55-d976-40bc-ad41-cdc713623e03,1,dry,ok,9.9,t3,0.8917,report
dddb1a55-d976-40bc-ad41-cdc713623e03,2,dry,ok,9.9,t3,0.8917,report
dddb1a55-d976-40bc-ad41-cdc713623e03,3,wet,good,9.9,t3,0.8917,report
de39c600-5209-4974-954b-0a07f2ed4b6e,2,dry,ok,9.9,t3,0.9367,report
de543d13-541c-4ad7-bb3c-c5c302de3aaf,1,wet,ok,9.48,t2,0.8901,report
de543d13-541c-4ad7-bb3c-c5c302de3aaf,2,wet,good,9.48,t2,0.8901,report
de543d13-541c-4ad7-bb3c-c5c302de3aaf,3,wet,good,9.48,t2,0.8901,report
de56cd32-fa6d-427c-89b9-a4ab4757ea58,3,dry,good,8.1,t1,0.9827,report
de67d064-eff4-40c4-ab46-b115d0691e1f,1,dry,ok,9.12,t2,0.8771,dev
de6c2eaa-887e-4e96-8b30-26a354bf625f,3,wet,good,7.92,t1,0.9757,report
de7b422a-c5cb-4b9a-9bbd-1c4545ead02c,1,dry,ok,9.96,t3,0.9398,dev
dea47426-a6cb-4ab4-a3aa-8dad29db8183,2,dry,good,9.84,t2,0.974,dev
dec024bb-bb3f-49ba-8a42-b1420d56a2e0,3,dry,good,9.96,t3,0.9766,report
deca9f96-463f-4198-baf0-19c42446ec19,2,dry,good,9.9,t3,0.9875,dev
dee8c009-e2f7-4258-9c17-98f8ef49345d,1,dry,ok,9.06,t2,0.972,report
deec748e-a51e-4a37-a7fb-47df7b035292,2,wet,ok,5.82,t1,0.9631,report
df09794b-095c-4ae9-8968-945ccc7b5668,1,dry,ok,8.52,t1,0.9703,report
df17949b-3eb0-45a5-801b-7a7f3985031e,3,wet,good,9.84,t2,0.9958,report
df35b241-5aff-4f49-80f6-4ef5fabc115c,2,dry,good,8.22,t1,0.9539,dev
df6cf29a-fcf8-4b96-ab4f-19e018c3b297,1,dry,ok,9.96,t3,0.9375,dev
df9cd86e-9e40-4da9-8291-3bc7f86b33f2,2,dry,good,9.66,t2,0.9569,report
dfa97006-e494-4c73-ba46-2fe805aec1cd,3,wet,good,2.34,t1,0.9787,dev
dfb0a442-3453-4d42-b355-b68eda2a9865,3,dry,good,9.9,t3,0.8352,report
dfe7b783-c80f-4357-b72e-63e875bf9ec3,1,dry,ok,9.84,t2,0.9788,report
dff83863-6ceb-416a-9846-26b13bab1bfa,3,wet,good,6.06,t1,0.8557,dev
dffa7256-7298-4c53-aaf5-4276f552e3fb,2,dry,good,9.9,t3,0.9912,report
e0107451-503c-48b0-9a9e-675a3a0c834e,3,dry,good,9.78,t2,0.9121,report
e0177fc1-39ec-433c-b5cb-6c71b859a88c,2,dry,good,7.32,t1,0.8277,dev
e024dc48-fbdd-4845-ac13-cbe67c60446a,2,dry,good,3.78,t1,0.9643,dev
e048aa97-7313-48f8-99f7-0f2795bf4a48,3,wet,good,7.74,t1,0.9683,report
e08e7dcf-5219-4eb7-9d74-c5605830db06,1,dry,ok,10.02,t3,0.9853,dev
e08e7dcf-5219-4eb7-9d74-c5605830db06,2,wet,good,10.02,t3,0.9853,dev
e08e7dcf-5219-4eb7-9d74-c5605830db06,3,wet,good,10.02,t3,0.9853,dev
e0c631a6-5e7e-4f5a-8a07-d27f0ecbfb65,2,dry,good,9.36,t2,0.9299,report
e0f90aa2-e38a-446a-aade-19b461eb2bf8,3,dry,good,8.28,t1,0.9292,report
e1259ecf-0b60-4106-9852-61c945065ab1,2,dry,good,8.28,t1,0.9695,report
e16268c9-dc19-43d9-b55b-b01258603ae5,3,wet,good,8.7,t1,0.8789,report
e18efb30-aea1-4cf9-aadb-0afe4c51c7df,2,dry,good,9.78,t2,0.9906,report
e1b9d3d1-61f8-4957-923b-e2715d7fabb1,1,dry,ok,5.58,t1,0.9747,report
e1b9d3d1-61f8-4957-923b-e2715d7fabb1,2,dry,good,5.58,t1,0.9747,report
e1b9d3d1-61f8-4957-923b-e2715d7fabb1,3,dry,good,5.58,t1,0.9747,report
e247085a-cf34-45be-b3c1-3c609c7d2bf1,2,wet,good,9.9,t3,0.9481,dev
e2719794-cda2-484d-9147-7d526bd86148,3,dry,good,9.78,t2,0.9976,report
e272246a-5c0e-4549-83b0-8330cfce867e,2,wet,good,9.96,t3,0.9927,report
e2a72896-8aac-4254-81f4-97812b05d4d4,1,wet,ok,9.3,t2,0.9985,dev
e31a34d6-2e8f-42b1-b633-7569897a8dc8,3,wet,good,9.9,t3,0.8983,report
e34cdc7f-07c9-42fe-b7df-6dc80b56fe73,1,dry,ok,9.78,t2,0.9667,dev
e34e8af3-7bcc-4e7d-9951-553af852bc8c,3,dry,good,4.38,t1,0.9641,report
e34e8cb1-f615-4542-849a-d6e6f7e7f6e2,3,wet,good,9.9,t3,0.9914,report
e35305cb-6b8a-4c37-a216-3857fab648e7,3,wet,good,9.0,t2,0.851,dev
e36c0dda-a5cb-4398-ae8f-235320a729e4,3,dry,good,5.34,t1,0.9402,report
e3bc1069-6c55-448f-8d73-8d6b8aaa715a,3,dry,good,7.56,t1,0.9815,report
e4714f0e-c191-42dc-9928-78da49129e16,2,dry,good,7.44,t1,0.9962,dev
e4729edf-12e5-4ba9-883e-1114c32b90f0,3,wet,good,4.8,t1,0.9881,report
e4740bf9-f9ea-47f9-9fbd-1a285654a9de,1,dry,ok,9.84,t2,0.973,report
e4ec845a-b80b-409b-afa0-81abc3ae3dc7,3,dry,good,6.84,t1,0.9408,report
e539d599-6d07-4174-9f29-a562ced58b68,3,dry,good,9.96,t3,0.973,dev
e56b40e6-935c-41c6-a04f-cfa133d69cec,1,dry,ok,9.9,t3,0.9569,dev
e56b40e6-935c-41c6-a04f-cfa133d69cec,2,dry,good,9.9,t3,0.9569,dev
e56b40e6-935c-41c6-a04f-cfa133d69cec,3,dry,good,9.9,t3,0.9569,dev
e56ea219-e97c-45c4-8222-5ecf168445b5,1,dry,ok,9.9,t3,0.9911,dev
e56ea219-e97c-45c4-8222-5ecf168445b5,2,dry,ok,9.9,t3,0.9911,dev
e56ea219-e97c-45c4-8222-5ecf168445b5,3,dry,good,9.9,t3,0.9911,dev
e58d45f3-7d6e-48e6-801b-eafc15f1ec85,3,dry,good,9.72,t2,0.981,report
e5a8a140-d910-47da-b3d6-96941e084028,1,dry,poor,7.92,t1,0.9767,report
e5e07345-f99d-4051-a5be-ec195c931772,3,dry,good,9.9,t3,0.9899,report
e5e9bc03-88b3-432f-b8d1-ca8891b72912,3,dry,good,9.6,t2,0.8514,dev
e614bfdf-0264-4094-8585-a1cd4068f503,2,dry,good,9.66,t2,0.9475,dev
e6264c42-d888-4a82-97ac-6c5a40c1cc19,2,dry,good,5.4,t1,0.9605,report
e6448323-4be3-4fac-ba98-33aee0de0817,2,dry,good,9.36,t2,0.9142,report
e6448323-4be3-4fac-ba98-33aee0de0817,3,dry,good,9.36,t2,0.9142,report
e659824f-fb7b-4b6b-86da-5c629e1ce0fd,1,dry,ok,9.78,t2,0.9923,report
e659ca3c-b237-4fa7-b612-ac29fcac79d0,2,dry,good,9.78,t2,0.9716,dev
e667faac-9ba9-472e-8a97-ad47887d5108,2,dry,good,9.9,t3,0.995,dev
e6788288-778c-46d3-9d83-c4c2eb6f707d,2,wet,ok,5.16,t1,0.9636,report
e6a6d19c-2ff0-4c1a-aa5f-f432c9a8b55e,1,dry,ok,9.96,t3,0.9218,report
e6b18767-9e15-44cb-a8f5-565a90c4d17e,3,dry,good,9.84,t2,0.9529,report
e6d07d7b-cd63-4f81-8dbd-3ab87104fbf0,2,dry,good,9.9,t3,0.9965,report
e6d21be3-e101-41cc-bc17-f470d41fcdb9,2,wet,good,4.68,t1,0.9738,report
e73d5a4e-b7cc-416b-8103-8aabacf3b8fe,3,dry,good,9.54,t2,0.9263,dev
e79d0700-f58c-49fb-ac01-4de73d7d4a7d,3,dry,good,9.84,t2,0.9945,report
e7bd9488-4878-404b-bc30-da40ac705462,1,dry,ok,9.06,t2,0.9795,report
e804a68f-0030-4b55-b452-a2fa4f6211ed,3,wet,good,9.84,t2,0.9422,dev
e83d9943-0a3b-4492-a260-25dffff666b2,2,dry,good,9.78,t2,0.9443,report
e8537e2a-98b1-4ddd-8237-3835215218b4,1,dry,ok,9.72,t2,0.9956,report
e86fec7f-8158-4d9c-a8b8-889a793cb0bd,2,wet,good,8.4,t1,0.8339,dev
e8759970-c5b4-4d2a-a71c-d08ee83f482a,1,dry,ok,9.66,t2,0.9938,dev
e89a2e55-e5ad-4774-950c-ae4e84b444f8,3,wet,good,9.9,t3,0.8664,dev
e8eaf768-9997-4a63-ad2e-4a01c5adee86,2,dry,good,9.84,t2,0.9868,report
e8f9178e-30b1-45b8-bde1-b4f00c4b4883,3,dry,good,5.28,t1,0.9745,report
e92a2b84-df5d-41c5-af89-5b2b450dda22,2,dry,poor,9.9,t3,0.9969,dev
e92ed6f0-70a8-425f-8dee-1b0443381224,3,dry,good,7.26,t1,0.9835,report
e95fa8ec-64e5-4fb1-afdc-b70bac309dec,3,wet,ok,9.9,t3,0.9938,dev
e9650512-35f6-4872-acca-c8aca7cd228b,2,dry,good,9.96,t3,0.8104,report
e9708094-2ece-478f-9dc4-ab951c42034b,2,dry,poor,9.96,t3,0.8302,report
e971aab1-03f6-47c1-b826-ce9004ac7698,2,wet,ok,9.9,t3,0.9884,report
e98708c7-be8c-45f7-864d-f436fb087e0f,2,dry,good,5.64,t1,0.9975,dev
e9ac8c20-f223-4225-8e17-bd524ecb0a68,1,dry,ok,6.72,t1,0.8142,report
e9b6c992-e63c-446d-8c92-e7e62209b6a1,1,dry,ok,9.84,t2,0.9628,report
e9bf0a5a-ff96-480b-a54a-f647143e1d6f,2,dry,good,9.9,t3,0.9814,report
e9bf0a5a-ff96-480b-a54a-f647143e1d6f,3,dry,good,9.9,t3,0.9814,report
e9d0b8ba-4bb5-46c6-a1a6-3d3f68fc0c19,3,dry,good,9.9,t3,0.9851,dev
ea14fc20-28a3-4cb1-aaa6-c7081ba3dd29,1,dry,ok,9.9,t3,0.9893,report
ea15c9f5-e77d-4b3f-803d-443a69d63eed,2,dry,ok,9.78,t2,0.996,report
ea162a64-2c94-4b8a-a8b8-9caa25dfd150,3,wet,good,9.9,t3,0.9387,dev
ea3553b7-8fc4-4889-bc48-9318dfc1c9f5,3,wet,good,9.84,t2,0.9952,report
ea3848e3-886a-428a-a918-4d01f32e38d8,1,dry,ok,9.9,t3,0.9929,report
ea454263-90d9-43f6-91d3-a82e80a18781,2,wet,ok,7.98,t1,0.9799,dev
ea80b502-dd8c-45bd-b7d5-047a9ab88be3,3,wet,good,9.96,t3,0.9979,report
ea8b1411-bcc8-47f3-8ba7-9b3585b83319,3,dry,good,9.66,t2,0.8192,report
eade4e05-0fe3-4736-8a9c-35467d078113,1,dry,ok,9.9,t3,0.9935,report
eae8e66a-1b99-454e-a1d5-4c86045a6e73,2,dry,good,5.7,t1,0.9673,report
eaed556e-e896-4e43-baca-a8bd7b127e92,1,dry,ok,9.96,t3,0.9844,dev
eb43c33d-b6a1-476a-a135-40b872e8221b,2,wet,good,10.02,t3,0.8412,report
eb5db267-0123-403a-99da-2ce15429f502,3,wet,good,9.72,t2,0.9913,report
eb74838f-26b9-457e-a4f6-3fff63ebc270,1,dry,ok,9.78,t2,0.9787,report
eb8828a2-ec95-4e4d-883d-7795322a0079,3,dry,good,9.78,t2,0.9967,report
ec041149-b613-4b8b-823e-1bed1d6dc6e0,3,dry,good,9.3,t2,0.991,report
ec1c43c9-5043-4735-9f66-905e47e22b48,3,wet,good,9.78,t2,0.9839,dev
ec53685a-d497-492f-a753-2e0418ee6e1d,2,dry,good,4.02,t1,0.9487,report
ecac4c64-aad4-4856-ab96-06f236c5861d,2,dry,good,9.96,t3,0.9924,report
ecc957af-3001-4a29-935a-32db98540746,3,dry,good,9.72,t2,0.9793,dev
eceaa3a9-f850-4ba9-82ee-1bcd2575b99c,1,dry,ok,4.74,t1,0.9066,dev
eceaa3a9-f850-4ba9-82ee-1bcd2575b99c,2,wet,ok,4.74,t1,0.9066,dev
eceaa3a9-f850-4ba9-82ee-1bcd2575b99c,3,dry,good,4.74,t1,0.9066,dev
ed2373a3-37a8-4961-b18d-4e0b92f8b1e9,2,wet,good,8.22,t1,0.9871,report
ed5f5776-506b-42ac-85f6-021619d319b9,2,wet,good,9.6,t2,0.9534,dev
ed7daba8-a8bc-473f-b159-55d16ea59eb1,3,dry,good,8.1,t1,0.9355,dev
edd069c7-e447-4763-9587-5a56ba981cb3,2,wet,good,9.78,t2,0.8811,report
ee42cab8-6560-49b4-bb5e-bdeaa8f99751,2,wet,good,9.84,t2,0.9582,report
ee82b8a5-39ed-41da-a927-7be42bb86ec7,2,wet,ok,9.12,t2,0.9854,dev
ee899936-5701-4a8f-a3ab-f3292554a148,3,dry,good,9.84,t2,0.9664,report
eea41b38-0389-4eb1-8c93-c1832e1fb9b3,1,dry,ok,9.84,t2,0.972,report
eeae6f7f-bebd-4d8f-9748-d7a59f7628d6,3,wet,good,9.84,t2,0.9846,report
ef101918-6c9e-493e-bad0-a6a83923b926,2,wet,good,9.78,t2,0.9885,report
ef4098b8-f694-4b16-89df-c81df3ce4192,3,wet,good,9.78,t2,0.9299,report
ef458365-a016-45ff-842a-7388a89ed774,3,dry,good,9.84,t2,0.9347,dev
efbcf50f-5ffa-4cdb-b146-fa7e974aaa1e,1,dry,ok,9.78,t2,0.9804,report
effe41be-bcf7-4f4a-9f52-1bf3435ab8f2,3,dry,good,9.96,t3,0.9459,dev
f028405b-2f4f-4379-ba3e-acc7a69f90be,1,dry,poor,5.4,t1,0.9728,report
f09f7e2a-f173-4423-92a6-dea210147179,3,dry,good,6.6,t1,0.9086,dev
f0bcf37a-4766-4cc0-a4d3-13a6e1343103,2,dry,ok,8.94,t2,0.9804,dev
f0da0dd1-a4d1-47ac-bc31-e9c6ceb05e28,1,wet,ok,9.78,t2,0.9624,report
f0da0dd1-a4d1-47ac-bc31-e9c6ceb05e28,2,wet,ok,9.78,t2,0.9624,report
f0da0dd1-a4d1-47ac-bc31-e9c6ceb05e28,3,wet,good,9.78,t2,0.9624,report
f1061528-48a5-4a06-ae55-773980db9986,2,dry,good,5.94,t1,0.9936,report
f18bb6f5-90c1-492e-8030-d95acd72b146,2,dry,good,4.98,t1,0.8363,report
f19c0f7f-037c-4fbf-8f3a-5426894b232d,1,wet,ok,3.66,t1,0.9858,report
f1b271ee-6902-4cff-b260-cfdf9bc3fa1f,1,dry,ok,9.78,t2,0.9207,report
f1e02616-7b84-4e35-8d7f-1961b27c1c7a,2,dry,good,9.78,t2,0.9536,report
f23ee4be-d96c-43ff-a06c-99e1050b7ffe,3,wet,good,9.9,t3,0.9652,report
f23fac18-75a0-45fb-8099-a789d9597776,3,dry,good,5.16,t1,0.9428,dev
f2574f9d-beae-4a85-ad18-289a400e1b6a,3,dry,good,9.6,t2,0.9066,report
f2d57d35-d8f6-480d-bb64-58a5676ed09c,2,dry,good,9.84,t2,0.888,report
f3032d2e-cfa8-4725-88dd-1e3ca0b563f8,2,dry,good,9.78,t2,0.9718,report
f33560fd-1e3f-4117-b759-b2151dfb7eab,2,wet,good,3.72,t1,0.9298,dev
f347e2ac-a8f0-4eb1-8d14-088345ca7a7b,1,wet,ok,9.54,t2,0.9794,dev
f3a3af59-0ebf-4644-a38b-32e36a70b876,3,wet,good,9.78,t2,0.9897,report
f3ef7d3e-56e1-496b-8a46-b593e33d25d6,2,dry,good,7.02,t1,0.9947,report
f3f25a4e-536f-4fe4-b038-7428fc916411,2,dry,good,7.2,t1,0.9921,report
f4562a08-6124-4bca-8a0d-0bce0d0877a5,3,wet,good,9.84,t2,0.9954,report
f46c5215-8097-4891-bbd4-d4ac017c224c,3,wet,good,6.6,t1,0.9944,report
f4748a2e-b4b7-4b87-be75-8352db1c9b25,3,dry,good,2.04,t1,0.9855,report
f4d06640-6eaf-40e8-a96e-3ffd924cd7ef,3,dry,good,9.78,t2,0.8749,report
f4e4e818-c210-4c9e-bdca-c1cf1af1e144,3,dry,good,9.84,t2,0.9912,dev
f4e51208-6dcd-46c2-b2f3-f4fa6e6f8760,2,dry,good,9.84,t2,0.9958,report
f504d41c-13e5-4d7a-9a91-0436aab969cf,1,dry,ok,5.7,t1,0.9558,report
f504d41c-13e5-4d7a-9a91-0436aab969cf,2,dry,ok,5.7,t1,0.9558,report
f504d41c-13e5-4d7a-9a91-0436aab969cf,3,wet,good,5.7,t1,0.9558,report
f5531d66-e612-41c3-b7c1-658fe7922f34,3,dry,good,9.84,t2,0.9915,report
f5608979-5563-4e30-804a-901f50270c60,3,wet,good,8.04,t1,0.9986,dev
f5a661dc-8161-4842-b1c3-cd7265896101,2,dry,good,9.9,t3,0.9973,dev
f5b8f8e8-8480-483f-8d49-2cb53aa22e8a,3,wet,good,9.72,t2,0.9646,report
f5d1d24e-13ed-46f6-9f68-516ae92414b7,2,dry,good,2.88,t1,0.8612,report
f5e8d8ec-e234-4117-a4ab-2f7dba0066ef,1,dry,poor,9.96,t3,0.9716,dev
f5e8d8ec-e234-4117-a4ab-2f7dba0066ef,2,dry,ok,9.96,t3,0.9716,dev
f5e8d8ec-e234-4117-a4ab-2f7dba0066ef,3,wet,good,9.96,t3,0.9716,dev
f6106423-2107-4296-8f2a-feab7047a322,2,dry,ok,9.12,t2,0.8293,dev
f6171954-10f5-4991-9278-c54776d937ef,2,wet,good,9.78,t2,0.9752,report
f63fdfe6-071c-480e-bbdb-85cc44accd49,3,wet,good,9.84,t2,0.9754,report
f648c8d2-86db-4f23-a1b9-a0b437cef2e0,2,dry,ok,8.1,t1,0.9288,dev
f64f33a5-b6e1-4d5c-ab1b-8d48dd826440,3,dry,good,6.36,t1,0.9954,dev
f67d8450-f76e-4c47-bbbe-85418e320acb,2,dry,good,9.66,t2,0.988,dev
f67d8450-f76e-4c47-bbbe-85418e320acb,3,dry,good,9.66,t2,0.988,dev
f6dc7637-6214-4f47-9063-3cbfb8b3b519,3,dry,good,9.78,t2,0.9775,report
f6fe17fd-c1b9-481e-8586-b40af4b3691b,2,dry,good,9.84,t2,0.9828,dev
f76b3127-9c87-42ad-a745-6db235e9d632,1,dry,ok,2.76,t1,0.9951,dev
f7bdbe37-e5a7-4ea5-a6c2-6b1c5a066695,2,wet,good,4.8,t1,0.9836,dev
f7c229bd-ed49-40d5-a1bc-837ea7b66bd0,2,dry,good,9.78,t2,0.9666,report
f7d1f28a-e3a8-4dd9-b7ec-93e04ee023a0,2,dry,good,4.56,t1,0.9657,report
f7f2f111-2861-4eda-a25e-ec6c90b87c2a,3,wet,good,9.12,t2,0.8732,report
f7f6c610-34ff-4fbc-b4b1-4b061444766c,2,dry,good,4.62,t1,0.8857,dev
f89ce6e7-5b0d-491f-8a69-c1c8c98166be,1,dry,ok,4.92,t1,0.8675,report
f8c27e97-5b6b-4437-a8ae-236074a31b98,2,wet,good,5.52,t1,0.9764,report
f930602c-d0c5-4f91-ba64-9f86dff15d78,1,dry,ok,9.48,t2,0.9809,dev
f942b766-ef1e-42e7-826d-40e053414824,1,dry,poor,9.96,t3,0.9184,dev
f942b766-ef1e-42e7-826d-40e053414824,2,wet,good,9.96,t3,0.9184,dev
f942b766-ef1e-42e7-826d-40e053414824,3,wet,good,9.96,t3,0.9184,dev
f98206a8-8669-4527-b3c8-7064c9aa929e,2,dry,good,9.78,t2,0.9584,report
f99a8315-236c-483b-8222-449dea88604a,3,wet,good,4.32,t1,0.8667,report
fb0971e2-8ebf-459c-972d-b09d28ae0ca6,2,dry,good,9.84,t2,0.9966,dev
fb8f5c0b-93e0-4403-baea-26673d650b42,1,dry,ok,6.66,t1,0.9846,report
fbd52f87-029f-4bd9-86ed-4743018722e8,2,wet,good,9.9,t3,0.9937,report
fbec03d3-9641-4ed2-8bf1-d7732ddfa691,2,dry,good,9.78,t2,0.9869,report
fcb50bad-93f0-4198-96e5-6858c84c5691,1,dry,ok,5.16,t1,0.9751,dev
fcc3203a-cc1f-4eb8-a652-39a43311f598,2,dry,ok,9.84,t2,0.8384,report
fcd7caa2-6034-457c-a8ab-6b838bf60d2b,2,wet,good,9.84,t2,0.9978,report
fd0859a7-9b11-405f-b151-6f21048f50bd,1,wet,ok,9.84,t2,0.9887,report
fd59bf10-ea8f-4401-a6d9-a9cce4e8303f,3,wet,good,9.96,t3,0.9894,report
fd7d172d-4106-427a-870b-0384c88f147f,1,dry,ok,3.3,t1,0.9231,report
fd7d172d-4106-427a-870b-0384c88f147f,2,dry,good,3.3,t1,0.9231,report
fd7d172d-4106-427a-870b-0384c88f147f,3,dry,good,3.3,t1,0.9231,report
fd849b72-f4bf-4852-9bc2-fd9becc9571e,3,dry,good,4.56,t1,0.9962,report
fe3ddef6-cf4c-4adf-b12d-bf5c5b79a5f4,1,dry,ok,9.84,t2,0.9938,report
fe40afee-154b-4092-8626-baf91e2860ff,2,wet,good,7.32,t1,0.9887,report
feabf097-bb15-4fdf-85ac-a9babbaf5d9e,1,dry,good,9.96,t3,0.9503,dev
feb93862-2508-4ca7-a74e-77701bbcd3c0,1,dry,good,9.36,t2,0.856,report
fed03a5c-6329-488c-a031-213ccdceabcf,2,wet,good,3.6,t1,0.982,dev
fed255ec-4829-4f4a-b22d-9bb23f2dd89f,1,dry,ok,9.9,t3,0.9502,dev
fed255ec-4829-4f4a-b22d-9bb23f2dd89f,2,dry,ok,9.9,t3,0.9502,dev
fed255ec-4829-4f4a-b22d-9bb23f2dd89f,3,dry,good,9.9,t3,0.9502,dev
ff1234d7-7837-4ba7-842f-99fdc916baa9,1,dry,ok,9.84,t2,0.9947,report
ff1234d7-7837-4ba7-842f-99fdc916baa9,2,wet,good,9.84,t2,0.9947,report
ff1234d7-7837-4ba7-842f-99fdc916baa9,3,dry,good,9.84,t2,0.9947,report
ff49f6b7-fa54-4780-a4be-b0594e628aae,3,wet,good,9.84,t2,0.954,dev
ff8435f6-76b5-42c1-8f4c-7479710e71bf,3,dry,good,9.6,t2,0.9947,report
ff8bfcc9-3df2-4752-8280-63f023fba31c,1,dry,ok,3.36,t1,0.983,report
ffa718e8-da65-4602-8da8-cda7cdc568f2,3,dry,good,6.84,t1,0.9735,report
ffbeb867-cdb7-4226-9456-e74c80acf2d9,3,wet,good,9.84,t2,0.9647,dev
